"","sample_name","birth_timestamp","cage","collection_timestamp","death_timestamp","diseased","facility","genotype","host_age","host_age_units","host_subject_id","qiita_study_id","sex","start_cohousing_timestamp","antibiotics_treatment_end_timestamp","antibiotics_treatment_start_timestamp","exposure_to_infections","mouse_dead","timepoint_weeks","tp_title","tp_short_title","group","week","hostID"
"11953.I329.tp0","11953.I329.tp0","2016-07-01","#c3d69b.green","2016-09-07","2018-05-25","no","SPF","Pax5+/-",68,"days","I329",11953,"female",NA,"2016-11-02","2016-09-07","2016-11-02","no",0,"pre-abx","Before Antibiotic treatment","genotype=Pax5+/-, disease=no",0,"sub16"
"11953.I329.tp12","11953.I329.tp12","2016-07-01","#c3d69b.green","2016-12-07","2018-05-25","no","CF","Pax5+/-",159,"days","I329",11953,"female",NA,"2016-11-02","2016-09-07","2016-11-02","no",12,"post-abx","1 month after treatment","genotype=Pax5+/-, disease=no",13,"sub16"
"11953.I329.tp20","11953.I329.tp20","2016-07-01","#c3d69b.green","2017-03-07","2018-05-25","no","CF","Pax5+/-",249,"days","I329",11953,"female",NA,"2016-11-02","2016-09-07","2016-11-02","no",20,"post-abx","3 months after treatment","genotype=Pax5+/-, disease=no",25.8571428571429,"sub16"
"11953.I329.tp28","11953.I329.tp28","2016-07-01","#c3d69b.green","2017-05-02","2018-05-25","no","CF","Pax5+/-",305,"days","I329",11953,"female",NA,"2016-11-02","2016-09-07","2016-11-02","no",28,"post-abx","5 months after treatment","genotype=Pax5+/-, disease=no",33.8571428571429,"sub16"
"11953.I329.tp36","11953.I329.tp36","2016-07-01","#c3d69b.green","2017-07-04","2018-05-25","no","CF","Pax5+/-",368,"days","I329",11953,"female",NA,"2016-11-02","2016-09-07","2016-11-02","no",36,"post-abx","7 months after treatment","genotype=Pax5+/-, disease=no",42.8571428571429,"sub16"
"11953.I329.tp40","11953.I329.tp40","2016-07-01","#c3d69b.green","2017-09-05","2018-05-25","no","CF","Pax5+/-",431,"days","I329",11953,"female",NA,"2016-11-02","2016-09-07","2016-11-02","no",40,"post-abx","8 months after treatment","genotype=Pax5+/-, disease=no",51.8571428571429,"sub16"
"11953.I329.tp44","11953.I329.tp44","2016-07-01","#c3d69b.green","2017-11-03","2018-05-25","no","CF","Pax5+/-",490,"days","I329",11953,"female",NA,"2016-11-02","2016-09-07","2016-11-02","no",44,"post-abx","9 months after treatment","genotype=Pax5+/-, disease=no",60.2857142857143,"sub16"
"11953.I329.tp52","11953.I329.tp52","2016-07-01","#c3d69b.green","2018-01-10","2018-05-25","no","CF","Pax5+/-",558,"days","I329",11953,"female",NA,"2016-11-02","2016-09-07","2016-11-02","no",52,"post-abx","11 months after treatment","genotype=Pax5+/-, disease=no",70,"sub16"
"11953.I329.tp60","11953.I329.tp60","2016-07-01","#c3d69b.green","2018-03-15","2018-05-25","no","CF","Pax5+/-",622,"days","I329",11953,"female",NA,"2016-11-02","2016-09-07","2016-11-02","no",60,"post-abx","13 months after treatment","genotype=Pax5+/-, disease=no",79.1428571428571,"sub16"
"11953.I329.tp68","11953.I329.tp68","2016-07-01","#c3d69b.green","2018-04-19","2018-05-25","no","CF","Pax5+/-",657,"days","I329",11953,"female",NA,"2016-11-02","2016-09-07","2016-11-02","no",68,"post-abx","15 months after treatment","genotype=Pax5+/-, disease=no",84.1428571428571,"sub16"
"11953.I331.tp0","11953.I331.tp0","2016-07-01","#c3d69b.green","2016-09-07","2018-02-06","pB-ALL","SPF","Pax5+/-",68,"days","I331",11953,"female",NA,"2016-11-02","2016-09-07","2016-11-02","no",0,"pre-abx","Before Antibiotic treatment","genotype=Pax5+/-, disease=pB-ALL",0,"sub41"
"11953.I331.tp12","11953.I331.tp12","2016-07-01","#c3d69b.green","2016-12-07","2018-02-06","pB-ALL","CF","Pax5+/-",159,"days","I331",11953,"female",NA,"2016-11-02","2016-09-07","2016-11-02","no",12,"post-abx","1 month after treatment","genotype=Pax5+/-, disease=pB-ALL",13,"sub41"
"11953.I331.tp20","11953.I331.tp20","2016-07-01","#c3d69b.green","2017-03-07","2018-02-06","pB-ALL","CF","Pax5+/-",249,"days","I331",11953,"female",NA,"2016-11-02","2016-09-07","2016-11-02","no",20,"post-abx","3 months after treatment","genotype=Pax5+/-, disease=pB-ALL",25.8571428571429,"sub41"
"11953.I331.tp28","11953.I331.tp28","2016-07-01","#c3d69b.green","2017-05-02","2018-02-06","pB-ALL","CF","Pax5+/-",305,"days","I331",11953,"female",NA,"2016-11-02","2016-09-07","2016-11-02","no",28,"post-abx","5 months after treatment","genotype=Pax5+/-, disease=pB-ALL",33.8571428571429,"sub41"
"11953.I331.tp36","11953.I331.tp36","2016-07-01","#c3d69b.green","2017-07-04","2018-02-06","pB-ALL","CF","Pax5+/-",368,"days","I331",11953,"female",NA,"2016-11-02","2016-09-07","2016-11-02","no",36,"post-abx","7 months after treatment","genotype=Pax5+/-, disease=pB-ALL",42.8571428571429,"sub41"
"11953.I331.tp40","11953.I331.tp40","2016-07-01","#c3d69b.green","2017-09-05","2018-02-06","pB-ALL","CF","Pax5+/-",431,"days","I331",11953,"female",NA,"2016-11-02","2016-09-07","2016-11-02","no",40,"post-abx","8 months after treatment","genotype=Pax5+/-, disease=pB-ALL",51.8571428571429,"sub41"
"11953.I331.tp44","11953.I331.tp44","2016-07-01","#c3d69b.green","2017-11-03","2018-02-06","pB-ALL","CF","Pax5+/-",490,"days","I331",11953,"female",NA,"2016-11-02","2016-09-07","2016-11-02","no",44,"post-abx","9 months after treatment","genotype=Pax5+/-, disease=pB-ALL",60.2857142857143,"sub41"
"11953.I331.tp52","11953.I331.tp52","2016-07-01","#c3d69b.green","2018-01-10","2018-02-06","pB-ALL","CF","Pax5+/-",558,"days","I331",11953,"female",NA,"2016-11-02","2016-09-07","2016-11-02","no",52,"post-abx","11 months after treatment","genotype=Pax5+/-, disease=pB-ALL",70,"sub41"
"11953.I337.tp0","11953.I337.tp0","2016-07-02","#c3d69b.green","2016-09-07","2017-07-27","pB-ALL","SPF","Pax5+/-",67,"days","I337",11953,"female",NA,"2016-11-02","2016-09-07","2016-11-02","no",0,"pre-abx","Before Antibiotic treatment","genotype=Pax5+/-, disease=pB-ALL",0,"sub8"
"11953.I337.tp12","11953.I337.tp12","2016-07-02","#c3d69b.green","2016-12-07","2017-07-27","pB-ALL","CF","Pax5+/-",158,"days","I337",11953,"female",NA,"2016-11-02","2016-09-07","2016-11-02","no",12,"post-abx","1 month after treatment","genotype=Pax5+/-, disease=pB-ALL",13,"sub8"
"11953.I337.tp20","11953.I337.tp20","2016-07-02","#c3d69b.green","2017-03-07","2017-07-27","pB-ALL","CF","Pax5+/-",248,"days","I337",11953,"female",NA,"2016-11-02","2016-09-07","2016-11-02","no",20,"post-abx","3 months after treatment","genotype=Pax5+/-, disease=pB-ALL",25.8571428571429,"sub8"
"11953.I337.tp28","11953.I337.tp28","2016-07-02","#c3d69b.green","2017-05-02","2017-07-27","pB-ALL","CF","Pax5+/-",304,"days","I337",11953,"female",NA,"2016-11-02","2016-09-07","2016-11-02","no",28,"post-abx","5 months after treatment","genotype=Pax5+/-, disease=pB-ALL",33.8571428571429,"sub8"
"11953.I337.tp36","11953.I337.tp36","2016-07-02","#c3d69b.green","2017-07-04","2017-07-27","pB-ALL","CF","Pax5+/-",367,"days","I337",11953,"female",NA,"2016-11-02","2016-09-07","2016-11-02","no",36,"post-abx","7 months after treatment","genotype=Pax5+/-, disease=pB-ALL",42.8571428571429,"sub8"
"11953.I338.tp0","11953.I338.tp0","2016-07-02","#c3d69b.green","2016-09-07","2017-02-13","pB-ALL","SPF","Pax5+/-",67,"days","I338",11953,"female",NA,"2016-11-02","2016-09-07","2016-11-02","no",0,"pre-abx","Before Antibiotic treatment","genotype=Pax5+/-, disease=pB-ALL",0,"sub26"
"11953.I338.tp12","11953.I338.tp12","2016-07-02","#c3d69b.green","2016-12-07","2017-02-13","pB-ALL","CF","Pax5+/-",158,"days","I338",11953,"female",NA,"2016-11-02","2016-09-07","2016-11-02","no",12,"post-abx","1 month after treatment","genotype=Pax5+/-, disease=pB-ALL",13,"sub26"
"11953.L179.tp0","11953.L179.tp0","2015-12-07","#dce6f1.blue","2016-03-08","2017-11-07","no","SPF","Pax5+/-",92,"days","L179",11953,"female",NA,"2016-05-04","2016-03-09","2016-05-04","no",0,"pre-abx","Before Antibiotic treatment","genotype=Pax5+/-, disease=no",-0.142857142857142,"sub34"
"11953.L179.tp12","11953.L179.tp12","2015-12-07","#dce6f1.blue","2016-06-04","2017-11-07","no","CF","Pax5+/-",180,"days","L179",11953,"female",NA,"2016-05-04","2016-03-09","2016-05-04","no",12,"post-abx","1 month after treatment","genotype=Pax5+/-, disease=no",12.4285714285714,"sub34"
"11953.L179.tp20","11953.L179.tp20","2015-12-07","#dce6f1.blue","2016-08-10","2017-11-07","no","CF","Pax5+/-",247,"days","L179",11953,"female",NA,"2016-05-04","2016-03-09","2016-05-04","no",20,"post-abx","3 months after treatment","genotype=Pax5+/-, disease=no",22,"sub34"
"11953.L179.tp28","11953.L179.tp28","2015-12-07","#dce6f1.blue","2016-10-04","2017-11-07","no","CF","Pax5+/-",302,"days","L179",11953,"female",NA,"2016-05-04","2016-03-09","2016-05-04","no",28,"post-abx","5 months after treatment","genotype=Pax5+/-, disease=no",29.8571428571429,"sub34"
"11953.L179.tp36","11953.L179.tp36","2015-12-07","#dce6f1.blue","2016-12-07","2017-11-07","no","CF","Pax5+/-",366,"days","L179",11953,"female",NA,"2016-05-04","2016-03-09","2016-05-04","no",36,"post-abx","7 months after treatment","genotype=Pax5+/-, disease=no",39,"sub34"
"11953.L179.tp40","11953.L179.tp40","2015-12-07","#dce6f1.blue","2017-02-01","2017-11-07","no","CF","Pax5+/-",422,"days","L179",11953,"female",NA,"2016-05-04","2016-03-09","2016-05-04","no",40,"post-abx","8 months after treatment","genotype=Pax5+/-, disease=no",47,"sub34"
"11953.L179.tp44","11953.L179.tp44","2015-12-07","#dce6f1.blue","2017-04-05","2017-11-07","no","CF","Pax5+/-",485,"days","L179",11953,"female",NA,"2016-05-04","2016-03-09","2016-05-04","no",44,"post-abx","9 months after treatment","genotype=Pax5+/-, disease=no",56,"sub34"
"11953.L179.tp52","11953.L179.tp52","2015-12-07","#dce6f1.blue","2017-06-05","2017-11-07","no","CF","Pax5+/-",546,"days","L179",11953,"female",NA,"2016-05-04","2016-03-09","2016-05-04","no",52,"post-abx","11 months after treatment","genotype=Pax5+/-, disease=no",64.7142857142857,"sub34"
"11953.L179.tp60","11953.L179.tp60","2015-12-07","#dce6f1.blue","2017-08-05","2017-11-07","no","CF","Pax5+/-",607,"days","L179",11953,"female",NA,"2016-05-04","2016-03-09","2016-05-04","no",60,"post-abx","13 months after treatment","genotype=Pax5+/-, disease=no",73.4285714285714,"sub34"
"11953.L179.tp68","11953.L179.tp68","2015-12-07","#dce6f1.blue","2017-10-11","2017-11-07","no","CF","Pax5+/-",674,"days","L179",11953,"female",NA,"2016-05-04","2016-03-09","2016-05-04","no",68,"post-abx","15 months after treatment","genotype=Pax5+/-, disease=no",83,"sub34"
"11953.L181.tp0","11953.L181.tp0","2015-12-02","#dce6f1.blue","2016-03-08","2017-07-24","pB-ALL","SPF","Pax5+/-",97,"days","L181",11953,"female",NA,"2016-05-04","2016-03-09","2016-05-04","no",0,"pre-abx","Before Antibiotic treatment","genotype=Pax5+/-, disease=pB-ALL",-0.142857142857142,"sub1"
"11953.L181.tp12","11953.L181.tp12","2015-12-02","#dce6f1.blue","2016-06-04","2017-07-24","pB-ALL","CF","Pax5+/-",185,"days","L181",11953,"female",NA,"2016-05-04","2016-03-09","2016-05-04","no",12,"post-abx","1 month after treatment","genotype=Pax5+/-, disease=pB-ALL",12.4285714285714,"sub1"
"11953.L181.tp20","11953.L181.tp20","2015-12-02","#dce6f1.blue","2016-08-10","2017-07-24","pB-ALL","CF","Pax5+/-",252,"days","L181",11953,"female",NA,"2016-05-04","2016-03-09","2016-05-04","no",20,"post-abx","3 months after treatment","genotype=Pax5+/-, disease=pB-ALL",22,"sub1"
"11953.L181.tp28","11953.L181.tp28","2015-12-02","#dce6f1.blue","2016-10-04","2017-07-24","pB-ALL","CF","Pax5+/-",307,"days","L181",11953,"female",NA,"2016-05-04","2016-03-09","2016-05-04","no",28,"post-abx","5 months after treatment","genotype=Pax5+/-, disease=pB-ALL",29.8571428571429,"sub1"
"11953.L181.tp36","11953.L181.tp36","2015-12-02","#dce6f1.blue","2016-12-07","2017-07-24","pB-ALL","CF","Pax5+/-",371,"days","L181",11953,"female",NA,"2016-05-04","2016-03-09","2016-05-04","no",36,"post-abx","7 months after treatment","genotype=Pax5+/-, disease=pB-ALL",39,"sub1"
"11953.L181.tp40","11953.L181.tp40","2015-12-02","#dce6f1.blue","2017-02-01","2017-07-24","pB-ALL","CF","Pax5+/-",427,"days","L181",11953,"female",NA,"2016-05-04","2016-03-09","2016-05-04","no",40,"post-abx","8 months after treatment","genotype=Pax5+/-, disease=pB-ALL",47,"sub1"
"11953.L181.tp44","11953.L181.tp44","2015-12-02","#dce6f1.blue","2017-04-05","2017-07-24","pB-ALL","CF","Pax5+/-",490,"days","L181",11953,"female",NA,"2016-05-04","2016-03-09","2016-05-04","no",44,"post-abx","9 months after treatment","genotype=Pax5+/-, disease=pB-ALL",56,"sub1"
"11953.L181.tp52","11953.L181.tp52","2015-12-02","#dce6f1.blue","2017-06-05","2017-07-24","pB-ALL","CF","Pax5+/-",551,"days","L181",11953,"female",NA,"2016-05-04","2016-03-09","2016-05-04","no",52,"post-abx","11 months after treatment","genotype=Pax5+/-, disease=pB-ALL",64.7142857142857,"sub1"
"11953.L201.tp0","11953.L201.tp0","2015-12-28","#dce6f1.blue","2016-03-08","2017-10-24","no","SPF","Pax5+/-",71,"days","L201",11953,"female",NA,"2016-05-04","2016-03-09","2016-05-04","no",0,"pre-abx","Before Antibiotic treatment","genotype=Pax5+/-, disease=no",-0.142857142857142,"sub29"
"11953.L201.tp12","11953.L201.tp12","2015-12-28","#dce6f1.blue","2016-06-04","2017-10-24","no","CF","Pax5+/-",159,"days","L201",11953,"female",NA,"2016-05-04","2016-03-09","2016-05-04","no",12,"post-abx","1 month after treatment","genotype=Pax5+/-, disease=no",12.4285714285714,"sub29"
"11953.L201.tp20","11953.L201.tp20","2015-12-28","#dce6f1.blue","2016-08-10","2017-10-24","no","CF","Pax5+/-",226,"days","L201",11953,"female",NA,"2016-05-04","2016-03-09","2016-05-04","no",20,"post-abx","3 months after treatment","genotype=Pax5+/-, disease=no",22,"sub29"
"11953.L201.tp28","11953.L201.tp28","2015-12-28","#dce6f1.blue","2016-10-04","2017-10-24","no","CF","Pax5+/-",281,"days","L201",11953,"female",NA,"2016-05-04","2016-03-09","2016-05-04","no",28,"post-abx","5 months after treatment","genotype=Pax5+/-, disease=no",29.8571428571429,"sub29"
"11953.L201.tp36","11953.L201.tp36","2015-12-28","#dce6f1.blue","2016-12-07","2017-10-24","no","CF","Pax5+/-",345,"days","L201",11953,"female",NA,"2016-05-04","2016-03-09","2016-05-04","no",36,"post-abx","7 months after treatment","genotype=Pax5+/-, disease=no",39,"sub29"
"11953.L201.tp40","11953.L201.tp40","2015-12-28","#dce6f1.blue","2017-02-01","2017-10-24","no","CF","Pax5+/-",401,"days","L201",11953,"female",NA,"2016-05-04","2016-03-09","2016-05-04","no",40,"post-abx","8 months after treatment","genotype=Pax5+/-, disease=no",47,"sub29"
"11953.L201.tp44","11953.L201.tp44","2015-12-28","#dce6f1.blue","2017-04-05","2017-10-24","no","CF","Pax5+/-",464,"days","L201",11953,"female",NA,"2016-05-04","2016-03-09","2016-05-04","no",44,"post-abx","9 months after treatment","genotype=Pax5+/-, disease=no",56,"sub29"
"11953.L201.tp52","11953.L201.tp52","2015-12-28","#dce6f1.blue","2017-06-05","2017-10-24","no","CF","Pax5+/-",525,"days","L201",11953,"female",NA,"2016-05-04","2016-03-09","2016-05-04","no",52,"post-abx","11 months after treatment","genotype=Pax5+/-, disease=no",64.7142857142857,"sub29"
"11953.L201.tp60","11953.L201.tp60","2015-12-28","#dce6f1.blue","2017-08-05","2017-10-24","no","CF","Pax5+/-",586,"days","L201",11953,"female",NA,"2016-05-04","2016-03-09","2016-05-04","no",60,"post-abx","13 months after treatment","genotype=Pax5+/-, disease=no",73.4285714285714,"sub29"
"11953.L201.tp68","11953.L201.tp68","2015-12-28","#dce6f1.blue","2017-10-11","2017-10-24","no","CF","Pax5+/-",653,"days","L201",11953,"female",NA,"2016-05-04","2016-03-09","2016-05-04","no",68,"post-abx","15 months after treatment","genotype=Pax5+/-, disease=no",83,"sub29"
"11953.L203.tp0","11953.L203.tp0","2015-12-28","#dce6f1.blue","2016-03-08","2016-10-24","pB-ALL","SPF","Pax5+/-",71,"days","L203",11953,"female",NA,"2016-05-04","2016-03-09","2016-05-04","no",0,"pre-abx","Before Antibiotic treatment","genotype=Pax5+/-, disease=pB-ALL",-0.142857142857142,"sub17"
"11953.L203.tp12","11953.L203.tp12","2015-12-28","#dce6f1.blue","2016-06-04","2016-10-24","pB-ALL","CF","Pax5+/-",159,"days","L203",11953,"female",NA,"2016-05-04","2016-03-09","2016-05-04","no",12,"post-abx","1 month after treatment","genotype=Pax5+/-, disease=pB-ALL",12.4285714285714,"sub17"
"11953.L203.tp20","11953.L203.tp20","2015-12-28","#dce6f1.blue","2016-08-10","2016-10-24","pB-ALL","CF","Pax5+/-",226,"days","L203",11953,"female",NA,"2016-05-04","2016-03-09","2016-05-04","no",20,"post-abx","3 months after treatment","genotype=Pax5+/-, disease=pB-ALL",22,"sub17"
"11953.L203.tp28","11953.L203.tp28","2015-12-28","#dce6f1.blue","2016-10-04","2016-10-24","pB-ALL","CF","Pax5+/-",281,"days","L203",11953,"female",NA,"2016-05-04","2016-03-09","2016-05-04","no",28,"post-abx","5 months after treatment","genotype=Pax5+/-, disease=pB-ALL",29.8571428571429,"sub17"
"11953.L220.tp0","11953.L220.tp0","2015-12-25","#dce6f1.blue","2016-03-08","2016-09-13","pB-ALL","SPF","Pax5+/-",74,"days","L220",11953,"female",NA,"2016-05-04","2016-03-09","2016-05-04","no",0,"pre-abx","Before Antibiotic treatment","genotype=Pax5+/-, disease=pB-ALL",-0.142857142857142,"sub5"
"11953.L220.tp12","11953.L220.tp12","2015-12-25","#dce6f1.blue","2016-06-04","2016-09-13","pB-ALL","CF","Pax5+/-",162,"days","L220",11953,"female",NA,"2016-05-04","2016-03-09","2016-05-04","no",12,"post-abx","1 month after treatment","genotype=Pax5+/-, disease=pB-ALL",12.4285714285714,"sub5"
"11953.L220.tp20","11953.L220.tp20","2015-12-25","#dce6f1.blue","2016-08-10","2016-09-13","pB-ALL","CF","Pax5+/-",229,"days","L220",11953,"female",NA,"2016-05-04","2016-03-09","2016-05-04","no",20,"post-abx","3 months after treatment","genotype=Pax5+/-, disease=pB-ALL",22,"sub5"
"11953.L222.tp0","11953.L222.tp0","2015-12-25","#dce6f1.blue","2016-03-08","2016-09-29","pB-ALL","SPF","Pax5+/-",74,"days","L222",11953,"female",NA,"2016-05-04","2016-03-09","2016-05-04","no",0,"pre-abx","Before Antibiotic treatment","genotype=Pax5+/-, disease=pB-ALL",-0.142857142857142,"sub42"
"11953.L222.tp12","11953.L222.tp12","2015-12-25","#dce6f1.blue","2016-06-04","2016-09-29","pB-ALL","CF","Pax5+/-",162,"days","L222",11953,"female",NA,"2016-05-04","2016-03-09","2016-05-04","no",12,"post-abx","1 month after treatment","genotype=Pax5+/-, disease=pB-ALL",12.4285714285714,"sub42"
"11953.L222.tp20","11953.L222.tp20","2015-12-25","#dce6f1.blue","2016-08-10","2016-09-29","pB-ALL","CF","Pax5+/-",229,"days","L222",11953,"female",NA,"2016-05-04","2016-03-09","2016-05-04","no",20,"post-abx","3 months after treatment","genotype=Pax5+/-, disease=pB-ALL",22,"sub42"
"11953.L245.tp0","11953.L245.tp0","2016-01-08","#fac090.orange","2016-04-20","2017-04-17","pB-ALL","SPF","Pax5+/-",103,"days","L245",11953,"female",NA,"2016-06-15","2016-04-20","2016-06-15","no",0,"pre-abx","Before Antibiotic treatment","genotype=Pax5+/-, disease=pB-ALL",0,"sub40"
"11953.L245.tp12","11953.L245.tp12","2016-01-08","#fac090.orange","2016-07-19","2017-04-17","pB-ALL","CF","Pax5+/-",193,"days","L245",11953,"female",NA,"2016-06-15","2016-04-20","2016-06-15","no",12,"post-abx","1 month after treatment","genotype=Pax5+/-, disease=pB-ALL",12.8571428571429,"sub40"
"11953.L245.tp20","11953.L245.tp20","2016-01-08","#fac090.orange","2016-09-14","2017-04-17","pB-ALL","CF","Pax5+/-",250,"days","L245",11953,"female",NA,"2016-06-15","2016-04-20","2016-06-15","no",20,"post-abx","3 months after treatment","genotype=Pax5+/-, disease=pB-ALL",21,"sub40"
"11953.L245.tp28","11953.L245.tp28","2016-01-08","#fac090.orange","2016-11-29","2017-04-17","pB-ALL","CF","Pax5+/-",326,"days","L245",11953,"female",NA,"2016-06-15","2016-04-20","2016-06-15","no",28,"post-abx","5 months after treatment","genotype=Pax5+/-, disease=pB-ALL",31.8571428571429,"sub40"
"11953.L245.tp36","11953.L245.tp36","2016-01-08","#fac090.orange","2017-01-25","2017-04-17","pB-ALL","CF","Pax5+/-",383,"days","L245",11953,"female",NA,"2016-06-15","2016-04-20","2016-06-15","no",36,"post-abx","7 months after treatment","genotype=Pax5+/-, disease=pB-ALL",40,"sub40"
"11953.L245.tp40","11953.L245.tp40","2016-01-08","#fac090.orange","2017-03-23","2017-04-17","pB-ALL","CF","Pax5+/-",440,"days","L245",11953,"female",NA,"2016-06-15","2016-04-20","2016-06-15","no",40,"post-abx","8 months after treatment","genotype=Pax5+/-, disease=pB-ALL",48.1428571428571,"sub40"
"11953.L380.tp0","11953.L380.tp0","2016-02-01","#fac090.orange","2016-04-20","2017-04-18","pB-ALL","SPF","Pax5+/-",79,"days","L380",11953,"female",NA,"2016-06-15","2016-04-20","2016-06-15","no",0,"pre-abx","Before Antibiotic treatment","genotype=Pax5+/-, disease=pB-ALL",0,"sub3"
"11953.L380.tp12","11953.L380.tp12","2016-02-01","#fac090.orange","2016-07-19","2017-04-18","pB-ALL","CF","Pax5+/-",169,"days","L380",11953,"female",NA,"2016-06-15","2016-04-20","2016-06-15","no",12,"post-abx","1 month after treatment","genotype=Pax5+/-, disease=pB-ALL",12.8571428571429,"sub3"
"11953.L380.tp20","11953.L380.tp20","2016-02-01","#fac090.orange","2016-09-14","2017-04-18","pB-ALL","CF","Pax5+/-",226,"days","L380",11953,"female",NA,"2016-06-15","2016-04-20","2016-06-15","no",20,"post-abx","3 months after treatment","genotype=Pax5+/-, disease=pB-ALL",21,"sub3"
"11953.L380.tp28","11953.L380.tp28","2016-02-01","#fac090.orange","2016-11-29","2017-04-18","pB-ALL","CF","Pax5+/-",302,"days","L380",11953,"female",NA,"2016-06-15","2016-04-20","2016-06-15","no",28,"post-abx","5 months after treatment","genotype=Pax5+/-, disease=pB-ALL",31.8571428571429,"sub3"
"11953.L380.tp36","11953.L380.tp36","2016-02-01","#fac090.orange","2017-01-25","2017-04-18","pB-ALL","CF","Pax5+/-",359,"days","L380",11953,"female",NA,"2016-06-15","2016-04-20","2016-06-15","no",36,"post-abx","7 months after treatment","genotype=Pax5+/-, disease=pB-ALL",40,"sub3"
"11953.L380.tp40","11953.L380.tp40","2016-02-01","#fac090.orange","2017-03-23","2017-04-18","pB-ALL","CF","Pax5+/-",416,"days","L380",11953,"female",NA,"2016-06-15","2016-04-20","2016-06-15","no",40,"post-abx","8 months after treatment","genotype=Pax5+/-, disease=pB-ALL",48.1428571428571,"sub3"
"11953.L381.tp0","11953.L381.tp0","2016-02-01","#fac090.orange","2016-04-20","2017-04-25","pB-ALL","SPF","Pax5+/-",79,"days","L381",11953,"female",NA,"2016-06-15","2016-04-20","2016-06-15","no",0,"pre-abx","Before Antibiotic treatment","genotype=Pax5+/-, disease=pB-ALL",0,"sub15"
"11953.L381.tp12","11953.L381.tp12","2016-02-01","#fac090.orange","2016-07-19","2017-04-25","pB-ALL","CF","Pax5+/-",169,"days","L381",11953,"female",NA,"2016-06-15","2016-04-20","2016-06-15","no",12,"post-abx","1 month after treatment","genotype=Pax5+/-, disease=pB-ALL",12.8571428571429,"sub15"
"11953.L381.tp20","11953.L381.tp20","2016-02-01","#fac090.orange","2016-09-14","2017-04-25","pB-ALL","CF","Pax5+/-",226,"days","L381",11953,"female",NA,"2016-06-15","2016-04-20","2016-06-15","no",20,"post-abx","3 months after treatment","genotype=Pax5+/-, disease=pB-ALL",21,"sub15"
"11953.L381.tp28","11953.L381.tp28","2016-02-01","#fac090.orange","2016-11-29","2017-04-25","pB-ALL","CF","Pax5+/-",302,"days","L381",11953,"female",NA,"2016-06-15","2016-04-20","2016-06-15","no",28,"post-abx","5 months after treatment","genotype=Pax5+/-, disease=pB-ALL",31.8571428571429,"sub15"
"11953.L381.tp36","11953.L381.tp36","2016-02-01","#fac090.orange","2017-01-25","2017-04-25","pB-ALL","CF","Pax5+/-",359,"days","L381",11953,"female",NA,"2016-06-15","2016-04-20","2016-06-15","no",36,"post-abx","7 months after treatment","genotype=Pax5+/-, disease=pB-ALL",40,"sub15"
"11953.L381.tp40","11953.L381.tp40","2016-02-01","#fac090.orange","2017-03-23","2017-04-25","pB-ALL","CF","Pax5+/-",416,"days","L381",11953,"female",NA,"2016-06-15","2016-04-20","2016-06-15","no",40,"post-abx","8 months after treatment","genotype=Pax5+/-, disease=pB-ALL",48.1428571428571,"sub15"
"11953.L382.tp0","11953.L382.tp0","2016-02-01","#fac090.orange","2016-04-20","2017-12-08","no","SPF","Pax5+/-",79,"days","L382",11953,"female",NA,"2016-06-15","2016-04-20","2016-06-15","no",0,"pre-abx","Before Antibiotic treatment","genotype=Pax5+/-, disease=no",0,"sub13"
"11953.L382.tp12","11953.L382.tp12","2016-02-01","#fac090.orange","2016-07-19","2017-12-08","no","CF","Pax5+/-",169,"days","L382",11953,"female",NA,"2016-06-15","2016-04-20","2016-06-15","no",12,"post-abx","1 month after treatment","genotype=Pax5+/-, disease=no",12.8571428571429,"sub13"
"11953.L382.tp20","11953.L382.tp20","2016-02-01","#fac090.orange","2016-09-14","2017-12-08","no","CF","Pax5+/-",226,"days","L382",11953,"female",NA,"2016-06-15","2016-04-20","2016-06-15","no",20,"post-abx","3 months after treatment","genotype=Pax5+/-, disease=no",21,"sub13"
"11953.L382.tp28","11953.L382.tp28","2016-02-01","#fac090.orange","2016-11-29","2017-12-08","no","CF","Pax5+/-",302,"days","L382",11953,"female",NA,"2016-06-15","2016-04-20","2016-06-15","no",28,"post-abx","5 months after treatment","genotype=Pax5+/-, disease=no",31.8571428571429,"sub13"
"11953.L382.tp36","11953.L382.tp36","2016-02-01","#fac090.orange","2017-01-25","2017-12-08","no","CF","Pax5+/-",359,"days","L382",11953,"female",NA,"2016-06-15","2016-04-20","2016-06-15","no",36,"post-abx","7 months after treatment","genotype=Pax5+/-, disease=no",40,"sub13"
"11953.L382.tp4","11953.L382.tp4","2016-02-01","#fac090.orange","2016-05-18","2017-12-08","no","CF","Pax5+/-",107,"days","L382",11953,"female",NA,"2016-06-15","2016-04-20","2016-06-15","no",4,"abx","During Antibiotic treatment (4 weeks after treatment initiation)","genotype=Pax5+/-, disease=no",4,"sub13"
"11953.L382.tp40","11953.L382.tp40","2016-02-01","#fac090.orange","2017-03-23","2017-12-08","no","CF","Pax5+/-",416,"days","L382",11953,"female",NA,"2016-06-15","2016-04-20","2016-06-15","no",40,"post-abx","8 months after treatment","genotype=Pax5+/-, disease=no",48.1428571428571,"sub13"
"11953.L382.tp44","11953.L382.tp44","2016-02-01","#fac090.orange","2017-05-23","2017-12-08","no","CF","Pax5+/-",477,"days","L382",11953,"female",NA,"2016-06-15","2016-04-20","2016-06-15","no",44,"post-abx","9 months after treatment","genotype=Pax5+/-, disease=no",56.8571428571429,"sub13"
"11953.L382.tp52","11953.L382.tp52","2016-02-01","#fac090.orange","2017-07-25","2017-12-08","no","CF","Pax5+/-",540,"days","L382",11953,"female",NA,"2016-06-15","2016-04-20","2016-06-15","no",52,"post-abx","11 months after treatment","genotype=Pax5+/-, disease=no",65.8571428571429,"sub13"
"11953.L382.tp60","11953.L382.tp60","2016-02-01","#fac090.orange","2017-09-25","2017-12-08","no","CF","Pax5+/-",602,"days","L382",11953,"female",NA,"2016-06-15","2016-04-20","2016-06-15","no",60,"post-abx","13 months after treatment","genotype=Pax5+/-, disease=no",74.7142857142857,"sub13"
"11953.L382.tp68","11953.L382.tp68","2016-02-01","#fac090.orange","2017-11-22","2017-12-08","no","CF","Pax5+/-",660,"days","L382",11953,"female",NA,"2016-06-15","2016-04-20","2016-06-15","no",68,"post-abx","15 months after treatment","genotype=Pax5+/-, disease=no",83,"sub13"
"11953.L452.tp0","11953.L452.tp0","2016-02-11","#fac090.orange","2016-04-20","2017-02-14","pB-ALL","SPF","Pax5+/-",69,"days","L452",11953,"female",NA,"2016-06-15","2016-04-20","2016-06-15","no",0,"pre-abx","Before Antibiotic treatment","genotype=Pax5+/-, disease=pB-ALL",0,"sub4"
"11953.L452.tp12","11953.L452.tp12","2016-02-11","#fac090.orange","2016-07-19","2017-02-14","pB-ALL","CF","Pax5+/-",159,"days","L452",11953,"female",NA,"2016-06-15","2016-04-20","2016-06-15","no",12,"post-abx","1 month after treatment","genotype=Pax5+/-, disease=pB-ALL",12.8571428571429,"sub4"
"11953.L452.tp20","11953.L452.tp20","2016-02-11","#fac090.orange","2016-09-14","2017-02-14","pB-ALL","CF","Pax5+/-",216,"days","L452",11953,"female",NA,"2016-06-15","2016-04-20","2016-06-15","no",20,"post-abx","3 months after treatment","genotype=Pax5+/-, disease=pB-ALL",21,"sub4"
"11953.L452.tp28","11953.L452.tp28","2016-02-11","#fac090.orange","2016-11-29","2017-02-14","pB-ALL","CF","Pax5+/-",292,"days","L452",11953,"female",NA,"2016-06-15","2016-04-20","2016-06-15","no",28,"post-abx","5 months after treatment","genotype=Pax5+/-, disease=pB-ALL",31.8571428571429,"sub4"
"11953.L452.tp36","11953.L452.tp36","2016-02-11","#fac090.orange","2017-01-25","2017-02-14","pB-ALL","CF","Pax5+/-",349,"days","L452",11953,"female",NA,"2016-06-15","2016-04-20","2016-06-15","no",36,"post-abx","7 months after treatment","genotype=Pax5+/-, disease=pB-ALL",40,"sub4"
"11953.L643.tp0","11953.L643.tp0","2016-03-21","#ffff99.yellow","2016-06-15","2016-11-25","pB-ALL","SPF","Pax5+/-",86,"days","L643",11953,"female",NA,"2016-08-10","2016-06-15","2016-08-10","no",0,"pre-abx","Before Antibiotic treatment","genotype=Pax5+/-, disease=pB-ALL",0,"sub36"
"11953.L643.tp12","11953.L643.tp12","2016-03-21","#ffff99.yellow","2016-09-14","2016-11-25","pB-ALL","CF","Pax5+/-",177,"days","L643",11953,"female",NA,"2016-08-10","2016-06-15","2016-08-10","no",12,"post-abx","1 month after treatment","genotype=Pax5+/-, disease=pB-ALL",13,"sub36"
"11953.L644.tp0","11953.L644.tp0","2016-03-21","#ff99ff.magenta","2016-07-13","2017-07-12","no","SPF","Pax5+/-",114,"days","L644",11953,"female",NA,"2016-09-07","2016-07-13","2016-09-07","no",0,"pre-abx","Before Antibiotic treatment","genotype=Pax5+/-, disease=no",0,"sub24"
"11953.L644.tp12","11953.L644.tp12","2016-03-21","#ff99ff.magenta","2016-10-04","2017-07-12","no","CF","Pax5+/-",197,"days","L644",11953,"female",NA,"2016-09-07","2016-07-13","2016-09-07","no",12,"post-abx","1 month after treatment","genotype=Pax5+/-, disease=no",11.8571428571429,"sub24"
"11953.L644.tp20","11953.L644.tp20","2016-03-21","#ff99ff.magenta","2016-12-07","2017-07-12","no","CF","Pax5+/-",261,"days","L644",11953,"female",NA,"2016-09-07","2016-07-13","2016-09-07","no",20,"post-abx","3 months after treatment","genotype=Pax5+/-, disease=no",21,"sub24"
"11953.L644.tp28","11953.L644.tp28","2016-03-21","#ff99ff.magenta","2017-02-01","2017-07-12","no","CF","Pax5+/-",317,"days","L644",11953,"female",NA,"2016-09-07","2016-07-13","2016-09-07","no",28,"post-abx","5 months after treatment","genotype=Pax5+/-, disease=no",29,"sub24"
"11953.L644.tp36","11953.L644.tp36","2016-03-21","#ff99ff.magenta","2017-04-05","2017-07-12","no","CF","Pax5+/-",380,"days","L644",11953,"female",NA,"2016-09-07","2016-07-13","2016-09-07","no",36,"post-abx","7 months after treatment","genotype=Pax5+/-, disease=no",38,"sub24"
"11953.L644.tp40","11953.L644.tp40","2016-03-21","#ff99ff.magenta","2017-06-05","2017-07-12","no","CF","Pax5+/-",441,"days","L644",11953,"female",NA,"2016-09-07","2016-07-13","2016-09-07","no",40,"post-abx","8 months after treatment","genotype=Pax5+/-, disease=no",46.7142857142857,"sub24"
"11953.L665.tp0","11953.L665.tp0","2016-03-15","#fac090.orange","2016-04-20","2017-08-23","no","SPF","Pax5+/-",36,"days","L665",11953,"female",NA,"2016-06-15","2016-04-20","2016-06-15","no",0,"pre-abx","Before Antibiotic treatment","genotype=Pax5+/-, disease=no",0,"sub9"
"11953.L665.tp20","11953.L665.tp20","2016-03-15","#fac090.orange","2016-09-14","2017-08-23","no","CF","Pax5+/-",183,"days","L665",11953,"female",NA,"2016-06-15","2016-04-20","2016-06-15","no",20,"post-abx","3 months after treatment","genotype=Pax5+/-, disease=no",21,"sub9"
"11953.L665.tp28","11953.L665.tp28","2016-03-15","#fac090.orange","2016-11-29","2017-08-23","no","CF","Pax5+/-",259,"days","L665",11953,"female",NA,"2016-06-15","2016-04-20","2016-06-15","no",28,"post-abx","5 months after treatment","genotype=Pax5+/-, disease=no",31.8571428571429,"sub9"
"11953.L665.tp36","11953.L665.tp36","2016-03-15","#fac090.orange","2017-01-25","2017-08-23","no","CF","Pax5+/-",316,"days","L665",11953,"female",NA,"2016-06-15","2016-04-20","2016-06-15","no",36,"post-abx","7 months after treatment","genotype=Pax5+/-, disease=no",40,"sub9"
"11953.L665.tp40","11953.L665.tp40","2016-03-15","#fac090.orange","2017-03-23","2017-08-23","no","CF","Pax5+/-",373,"days","L665",11953,"female",NA,"2016-06-15","2016-04-20","2016-06-15","no",40,"post-abx","8 months after treatment","genotype=Pax5+/-, disease=no",48.1428571428571,"sub9"
"11953.L665.tp44","11953.L665.tp44","2016-03-15","#fac090.orange","2017-05-23","2017-08-23","no","CF","Pax5+/-",434,"days","L665",11953,"female",NA,"2016-06-15","2016-04-20","2016-06-15","no",44,"post-abx","9 months after treatment","genotype=Pax5+/-, disease=no",56.8571428571429,"sub9"
"11953.L665.tp52","11953.L665.tp52","2016-03-15","#fac090.orange","2017-07-25","2017-08-23","no","CF","Pax5+/-",497,"days","L665",11953,"female",NA,"2016-06-15","2016-04-20","2016-06-15","no",52,"post-abx","11 months after treatment","genotype=Pax5+/-, disease=no",65.8571428571429,"sub9"
"11953.L712.tp0","11953.L712.tp0","2016-03-21","#ffff99.yellow","2016-06-15","2017-01-18","pB-ALL","SPF","Pax5+/-",86,"days","L712",11953,"female",NA,"2016-08-10","2016-06-15","2016-08-10","no",0,"pre-abx","Before Antibiotic treatment","genotype=Pax5+/-, disease=pB-ALL",0,"sub23"
"11953.L712.tp12","11953.L712.tp12","2016-03-21","#ffff99.yellow","2016-09-14","2017-01-18","pB-ALL","CF","Pax5+/-",177,"days","L712",11953,"female",NA,"2016-08-10","2016-06-15","2016-08-10","no",12,"post-abx","1 month after treatment","genotype=Pax5+/-, disease=pB-ALL",13,"sub23"
"11953.L712.tp20","11953.L712.tp20","2016-03-21","#ffff99.yellow","2016-11-29","2017-01-18","pB-ALL","CF","Pax5+/-",253,"days","L712",11953,"female",NA,"2016-08-10","2016-06-15","2016-08-10","no",20,"post-abx","3 months after treatment","genotype=Pax5+/-, disease=pB-ALL",23.8571428571429,"sub23"
"11953.L713.tp0","11953.L713.tp0","2016-03-21","#ffff99.yellow","2016-06-15","2017-01-17","pB-ALL","SPF","Pax5+/-",86,"days","L713",11953,"female",NA,"2016-08-10","2016-06-15","2016-08-10","no",0,"pre-abx","Before Antibiotic treatment","genotype=Pax5+/-, disease=pB-ALL",0,"sub25"
"11953.L713.tp12","11953.L713.tp12","2016-03-21","#ffff99.yellow","2016-09-14","2017-01-17","pB-ALL","CF","Pax5+/-",177,"days","L713",11953,"female",NA,"2016-08-10","2016-06-15","2016-08-10","no",12,"post-abx","1 month after treatment","genotype=Pax5+/-, disease=pB-ALL",13,"sub25"
"11953.L713.tp20","11953.L713.tp20","2016-03-21","#ffff99.yellow","2016-11-29","2017-01-17","pB-ALL","CF","Pax5+/-",253,"days","L713",11953,"female",NA,"2016-08-10","2016-06-15","2016-08-10","no",20,"post-abx","3 months after treatment","genotype=Pax5+/-, disease=pB-ALL",23.8571428571429,"sub25"
"11953.L714.tp0","11953.L714.tp0","2016-03-21","#ffff99.yellow","2016-06-15","2018-02-27","no","SPF","Pax5+/-",86,"days","L714",11953,"female",NA,"2016-08-10","2016-06-15","2016-08-10","no",0,"pre-abx","Before Antibiotic treatment","genotype=Pax5+/-, disease=no",0,"sub14"
"11953.L714.tp12","11953.L714.tp12","2016-03-21","#ffff99.yellow","2016-09-14","2018-02-27","no","CF","Pax5+/-",177,"days","L714",11953,"female",NA,"2016-08-10","2016-06-15","2016-08-10","no",12,"post-abx","1 month after treatment","genotype=Pax5+/-, disease=no",13,"sub14"
"11953.L714.tp20","11953.L714.tp20","2016-03-21","#ffff99.yellow","2016-11-29","2018-02-27","no","CF","Pax5+/-",253,"days","L714",11953,"female",NA,"2016-08-10","2016-06-15","2016-08-10","no",20,"post-abx","3 months after treatment","genotype=Pax5+/-, disease=no",23.8571428571429,"sub14"
"11953.L714.tp28","11953.L714.tp28","2016-03-21","#ffff99.yellow","2017-01-25","2018-02-27","no","CF","Pax5+/-",310,"days","L714",11953,"female",NA,"2016-08-10","2016-06-15","2016-08-10","no",28,"post-abx","5 months after treatment","genotype=Pax5+/-, disease=no",32,"sub14"
"11953.L714.tp36","11953.L714.tp36","2016-03-21","#ffff99.yellow","2017-03-23","2018-02-27","no","CF","Pax5+/-",367,"days","L714",11953,"female",NA,"2016-08-10","2016-06-15","2016-08-10","no",36,"post-abx","7 months after treatment","genotype=Pax5+/-, disease=no",40.1428571428571,"sub14"
"11953.L714.tp40","11953.L714.tp40","2016-03-21","#ffff99.yellow","2017-05-23","2018-02-27","no","CF","Pax5+/-",428,"days","L714",11953,"female",NA,"2016-08-10","2016-06-15","2016-08-10","no",40,"post-abx","8 months after treatment","genotype=Pax5+/-, disease=no",48.8571428571429,"sub14"
"11953.L714.tp44","11953.L714.tp44","2016-03-21","#ffff99.yellow","2017-07-25","2018-02-27","no","CF","Pax5+/-",491,"days","L714",11953,"female",NA,"2016-08-10","2016-06-15","2016-08-10","no",44,"post-abx","9 months after treatment","genotype=Pax5+/-, disease=no",57.8571428571429,"sub14"
"11953.L714.tp52","11953.L714.tp52","2016-03-21","#ffff99.yellow","2017-09-25","2018-02-27","no","CF","Pax5+/-",553,"days","L714",11953,"female",NA,"2016-08-10","2016-06-15","2016-08-10","no",52,"post-abx","11 months after treatment","genotype=Pax5+/-, disease=no",66.7142857142857,"sub14"
"11953.L714.tp60","11953.L714.tp60","2016-03-21","#ffff99.yellow","2017-11-22","2018-02-27","no","CF","Pax5+/-",611,"days","L714",11953,"female",NA,"2016-08-10","2016-06-15","2016-08-10","no",60,"post-abx","13 months after treatment","genotype=Pax5+/-, disease=no",75,"sub14"
"11953.L714.tp68","11953.L714.tp68","2016-03-21","#ffff99.yellow","2018-01-15","2018-02-27","no","CF","Pax5+/-",665,"days","L714",11953,"female",NA,"2016-08-10","2016-06-15","2016-08-10","no",68,"post-abx","15 months after treatment","genotype=Pax5+/-, disease=no",82.7142857142857,"sub14"
"11953.L832.tp0","11953.L832.tp0","2016-04-14","#ff99ff.magenta","2016-07-13","2017-03-14","pB-ALL","SPF","Pax5+/-",90,"days","L832",11953,"female",NA,"2016-09-07","2016-07-13","2016-09-07","no",0,"pre-abx","Before Antibiotic treatment","genotype=Pax5+/-, disease=pB-ALL",0,"sub2"
"11953.L832.tp12","11953.L832.tp12","2016-04-14","#ff99ff.magenta","2016-10-04","2017-03-14","pB-ALL","CF","Pax5+/-",173,"days","L832",11953,"female",NA,"2016-09-07","2016-07-13","2016-09-07","no",12,"post-abx","1 month after treatment","genotype=Pax5+/-, disease=pB-ALL",11.8571428571429,"sub2"
"11953.L832.tp20","11953.L832.tp20","2016-04-14","#ff99ff.magenta","2016-12-07","2017-03-14","pB-ALL","CF","Pax5+/-",237,"days","L832",11953,"female",NA,"2016-09-07","2016-07-13","2016-09-07","no",20,"post-abx","3 months after treatment","genotype=Pax5+/-, disease=pB-ALL",21,"sub2"
"11953.L832.tp28","11953.L832.tp28","2016-04-14","#ff99ff.magenta","2017-02-01","2017-03-14","pB-ALL","CF","Pax5+/-",293,"days","L832",11953,"female",NA,"2016-09-07","2016-07-13","2016-09-07","no",28,"post-abx","5 months after treatment","genotype=Pax5+/-, disease=pB-ALL",29,"sub2"
"11953.L832.tp4","11953.L832.tp4","2016-04-14","#ff99ff.magenta","2016-08-10","2017-03-14","pB-ALL","CF","Pax5+/-",118,"days","L832",11953,"female",NA,"2016-09-07","2016-07-13","2016-09-07","no",4,"abx","During Antibiotic treatment (4 weeks after treatment initiation)","genotype=Pax5+/-, disease=pB-ALL",4,"sub2"
"11953.L833.tp0","11953.L833.tp0","2016-04-14","#ff99ff.magenta","2016-07-13","2018-03-28","no","SPF","Pax5+/-",90,"days","L833",11953,"female",NA,"2016-09-07","2016-07-13","2016-09-07","no",0,"pre-abx","Before Antibiotic treatment","genotype=Pax5+/-, disease=no",0,"sub44"
"11953.L833.tp12","11953.L833.tp12","2016-04-14","#ff99ff.magenta","2016-10-04","2018-03-28","no","CF","Pax5+/-",173,"days","L833",11953,"female",NA,"2016-09-07","2016-07-13","2016-09-07","no",12,"post-abx","1 month after treatment","genotype=Pax5+/-, disease=no",11.8571428571429,"sub44"
"11953.L833.tp20","11953.L833.tp20","2016-04-14","#ff99ff.magenta","2016-12-07","2018-03-28","no","CF","Pax5+/-",237,"days","L833",11953,"female",NA,"2016-09-07","2016-07-13","2016-09-07","no",20,"post-abx","3 months after treatment","genotype=Pax5+/-, disease=no",21,"sub44"
"11953.L833.tp28","11953.L833.tp28","2016-04-14","#ff99ff.magenta","2017-02-01","2018-03-28","no","CF","Pax5+/-",293,"days","L833",11953,"female",NA,"2016-09-07","2016-07-13","2016-09-07","no",28,"post-abx","5 months after treatment","genotype=Pax5+/-, disease=no",29,"sub44"
"11953.L833.tp36","11953.L833.tp36","2016-04-14","#ff99ff.magenta","2017-04-05","2018-03-28","no","CF","Pax5+/-",356,"days","L833",11953,"female",NA,"2016-09-07","2016-07-13","2016-09-07","no",36,"post-abx","7 months after treatment","genotype=Pax5+/-, disease=no",38,"sub44"
"11953.L833.tp40","11953.L833.tp40","2016-04-14","#ff99ff.magenta","2017-06-05","2018-03-28","no","CF","Pax5+/-",417,"days","L833",11953,"female",NA,"2016-09-07","2016-07-13","2016-09-07","no",40,"post-abx","8 months after treatment","genotype=Pax5+/-, disease=no",46.7142857142857,"sub44"
"11953.L833.tp44","11953.L833.tp44","2016-04-14","#ff99ff.magenta","2017-08-05","2018-03-28","no","CF","Pax5+/-",478,"days","L833",11953,"female",NA,"2016-09-07","2016-07-13","2016-09-07","no",44,"post-abx","9 months after treatment","genotype=Pax5+/-, disease=no",55.4285714285714,"sub44"
"11953.L833.tp52","11953.L833.tp52","2016-04-14","#ff99ff.magenta","2017-10-11","2018-03-28","no","CF","Pax5+/-",545,"days","L833",11953,"female",NA,"2016-09-07","2016-07-13","2016-09-07","no",52,"post-abx","11 months after treatment","genotype=Pax5+/-, disease=no",65,"sub44"
"11953.L833.tp68","11953.L833.tp68","2016-04-14","#ff99ff.magenta","2018-02-07","2018-03-28","no","CF","Pax5+/-",664,"days","L833",11953,"female",NA,"2016-09-07","2016-07-13","2016-09-07","no",68,"post-abx","15 months after treatment","genotype=Pax5+/-, disease=no",82,"sub44"
"11953.L846.tp0","11953.L846.tp0","2016-04-06","#ffff99.yellow","2016-06-15","2017-08-10","no","SPF","Pax5+/-",70,"days","L846",11953,"female",NA,"2016-08-10","2016-06-15","2016-08-10","no",0,"pre-abx","Before Antibiotic treatment","genotype=Pax5+/-, disease=no",0,"sub6"
"11953.L846.tp12","11953.L846.tp12","2016-04-06","#ffff99.yellow","2016-09-14","2017-08-10","no","CF","Pax5+/-",161,"days","L846",11953,"female",NA,"2016-08-10","2016-06-15","2016-08-10","no",12,"post-abx","1 month after treatment","genotype=Pax5+/-, disease=no",13,"sub6"
"11953.L846.tp20","11953.L846.tp20","2016-04-06","#ffff99.yellow","2016-11-29","2017-08-10","no","CF","Pax5+/-",237,"days","L846",11953,"female",NA,"2016-08-10","2016-06-15","2016-08-10","no",20,"post-abx","3 months after treatment","genotype=Pax5+/-, disease=no",23.8571428571429,"sub6"
"11953.L846.tp28","11953.L846.tp28","2016-04-06","#ffff99.yellow","2017-01-25","2017-08-10","no","CF","Pax5+/-",294,"days","L846",11953,"female",NA,"2016-08-10","2016-06-15","2016-08-10","no",28,"post-abx","5 months after treatment","genotype=Pax5+/-, disease=no",32,"sub6"
"11953.L846.tp36","11953.L846.tp36","2016-04-06","#ffff99.yellow","2017-03-23","2017-08-10","no","CF","Pax5+/-",351,"days","L846",11953,"female",NA,"2016-08-10","2016-06-15","2016-08-10","no",36,"post-abx","7 months after treatment","genotype=Pax5+/-, disease=no",40.1428571428571,"sub6"
"11953.L846.tp40","11953.L846.tp40","2016-04-06","#ffff99.yellow","2017-05-23","2017-08-10","no","CF","Pax5+/-",412,"days","L846",11953,"female",NA,"2016-08-10","2016-06-15","2016-08-10","no",40,"post-abx","8 months after treatment","genotype=Pax5+/-, disease=no",48.8571428571429,"sub6"
"11953.L846.tp44","11953.L846.tp44","2016-04-06","#ffff99.yellow","2017-07-25","2017-08-10","no","CF","Pax5+/-",475,"days","L846",11953,"female",NA,"2016-08-10","2016-06-15","2016-08-10","no",44,"post-abx","9 months after treatment","genotype=Pax5+/-, disease=no",57.8571428571429,"sub6"
"11953.L977.tp0","11953.L977.tp0","2016-05-16","#ffff99.yellow","2016-06-15","2018-03-20","no","SPF","Pax5+/-",30,"days","L977",11953,"female",NA,"2016-08-10","2016-06-15","2016-08-10","no",0,"pre-abx","Before Antibiotic treatment","genotype=Pax5+/-, disease=no",0,"sub27"
"11953.L977.tp12","11953.L977.tp12","2016-05-16","#ffff99.yellow","2016-09-14","2018-03-20","no","CF","Pax5+/-",121,"days","L977",11953,"female",NA,"2016-08-10","2016-06-15","2016-08-10","no",12,"post-abx","1 month after treatment","genotype=Pax5+/-, disease=no",13,"sub27"
"11953.L977.tp20","11953.L977.tp20","2016-05-16","#ffff99.yellow","2016-11-29","2018-03-20","no","CF","Pax5+/-",197,"days","L977",11953,"female",NA,"2016-08-10","2016-06-15","2016-08-10","no",20,"post-abx","3 months after treatment","genotype=Pax5+/-, disease=no",23.8571428571429,"sub27"
"11953.L977.tp28","11953.L977.tp28","2016-05-16","#ffff99.yellow","2017-01-25","2018-03-20","no","CF","Pax5+/-",254,"days","L977",11953,"female",NA,"2016-08-10","2016-06-15","2016-08-10","no",28,"post-abx","5 months after treatment","genotype=Pax5+/-, disease=no",32,"sub27"
"11953.L977.tp36","11953.L977.tp36","2016-05-16","#ffff99.yellow","2017-03-23","2018-03-20","no","CF","Pax5+/-",311,"days","L977",11953,"female",NA,"2016-08-10","2016-06-15","2016-08-10","no",36,"post-abx","7 months after treatment","genotype=Pax5+/-, disease=no",40.1428571428571,"sub27"
"11953.L977.tp40","11953.L977.tp40","2016-05-16","#ffff99.yellow","2017-05-23","2018-03-20","no","CF","Pax5+/-",372,"days","L977",11953,"female",NA,"2016-08-10","2016-06-15","2016-08-10","no",40,"post-abx","8 months after treatment","genotype=Pax5+/-, disease=no",48.8571428571429,"sub27"
"11953.L977.tp44","11953.L977.tp44","2016-05-16","#ffff99.yellow","2017-07-25","2018-03-20","no","CF","Pax5+/-",435,"days","L977",11953,"female",NA,"2016-08-10","2016-06-15","2016-08-10","no",44,"post-abx","9 months after treatment","genotype=Pax5+/-, disease=no",57.8571428571429,"sub27"
"11953.L977.tp52","11953.L977.tp52","2016-05-16","#ffff99.yellow","2017-09-25","2018-03-20","no","CF","Pax5+/-",497,"days","L977",11953,"female",NA,"2016-08-10","2016-06-15","2016-08-10","no",52,"post-abx","11 months after treatment","genotype=Pax5+/-, disease=no",66.7142857142857,"sub27"
"11953.L977.tp60","11953.L977.tp60","2016-05-16","#ffff99.yellow","2017-11-22","2018-03-20","no","CF","Pax5+/-",555,"days","L977",11953,"female",NA,"2016-08-10","2016-06-15","2016-08-10","no",60,"post-abx","13 months after treatment","genotype=Pax5+/-, disease=no",75,"sub27"
"11953.L977.tp68","11953.L977.tp68","2016-05-16","#ffff99.yellow","2018-01-15","2018-03-20","no","CF","Pax5+/-",609,"days","L977",11953,"female",NA,"2016-08-10","2016-06-15","2016-08-10","no",68,"post-abx","15 months after treatment","genotype=Pax5+/-, disease=no",82.7142857142857,"sub27"
"11953.L979.tp0","11953.L979.tp0","2016-04-24","#ff99ff.magenta","2016-07-13","2018-02-06","pB-ALL","SPF","Pax5+/-",80,"days","L979",11953,"female",NA,"2016-09-07","2016-07-13","2016-09-07","no",0,"pre-abx","Before Antibiotic treatment","genotype=Pax5+/-, disease=pB-ALL",0,"sub18"
"11953.L979.tp12","11953.L979.tp12","2016-04-24","#ff99ff.magenta","2016-10-04","2018-02-06","pB-ALL","CF","Pax5+/-",163,"days","L979",11953,"female",NA,"2016-09-07","2016-07-13","2016-09-07","no",12,"post-abx","1 month after treatment","genotype=Pax5+/-, disease=pB-ALL",11.8571428571429,"sub18"
"11953.L979.tp20","11953.L979.tp20","2016-04-24","#ff99ff.magenta","2016-12-07","2018-02-06","pB-ALL","CF","Pax5+/-",227,"days","L979",11953,"female",NA,"2016-09-07","2016-07-13","2016-09-07","no",20,"post-abx","3 months after treatment","genotype=Pax5+/-, disease=pB-ALL",21,"sub18"
"11953.L979.tp28","11953.L979.tp28","2016-04-24","#ff99ff.magenta","2017-02-01","2018-02-06","pB-ALL","CF","Pax5+/-",283,"days","L979",11953,"female",NA,"2016-09-07","2016-07-13","2016-09-07","no",28,"post-abx","5 months after treatment","genotype=Pax5+/-, disease=pB-ALL",29,"sub18"
"11953.L979.tp36","11953.L979.tp36","2016-04-24","#ff99ff.magenta","2017-04-05","2018-02-06","pB-ALL","CF","Pax5+/-",346,"days","L979",11953,"female",NA,"2016-09-07","2016-07-13","2016-09-07","no",36,"post-abx","7 months after treatment","genotype=Pax5+/-, disease=pB-ALL",38,"sub18"
"11953.L979.tp40","11953.L979.tp40","2016-04-24","#ff99ff.magenta","2017-06-05","2018-02-06","pB-ALL","CF","Pax5+/-",407,"days","L979",11953,"female",NA,"2016-09-07","2016-07-13","2016-09-07","no",40,"post-abx","8 months after treatment","genotype=Pax5+/-, disease=pB-ALL",46.7142857142857,"sub18"
"11953.L979.tp44","11953.L979.tp44","2016-04-24","#ff99ff.magenta","2017-08-05","2018-02-06","pB-ALL","CF","Pax5+/-",468,"days","L979",11953,"female",NA,"2016-09-07","2016-07-13","2016-09-07","no",44,"post-abx","9 months after treatment","genotype=Pax5+/-, disease=pB-ALL",55.4285714285714,"sub18"
"11953.L979.tp52","11953.L979.tp52","2016-04-24","#ff99ff.magenta","2017-10-11","2018-02-06","pB-ALL","CF","Pax5+/-",535,"days","L979",11953,"female",NA,"2016-09-07","2016-07-13","2016-09-07","no",52,"post-abx","11 months after treatment","genotype=Pax5+/-, disease=pB-ALL",65,"sub18"
"11953.L979.tp60","11953.L979.tp60","2016-04-24","#ff99ff.magenta","2017-12-07","2018-02-06","pB-ALL","CF","Pax5+/-",592,"days","L979",11953,"female",NA,"2016-09-07","2016-07-13","2016-09-07","no",60,"post-abx","13 months after treatment","genotype=Pax5+/-, disease=pB-ALL",73.1428571428571,"sub18"
"11953.L979.tp68","11953.L979.tp68","2016-04-24","#ff99ff.magenta","2018-02-07","2018-02-06","pB-ALL","CF","Pax5+/-",654,"days","L979",11953,"female",NA,"2016-09-07","2016-07-13","2016-09-07","no",68,"post-abx","15 months after treatment","genotype=Pax5+/-, disease=pB-ALL",82,"sub18"
"11953.L980.tp0","11953.L980.tp0","2016-04-24","#ff99ff.magenta","2016-07-13","2017-01-31","pB-ALL","SPF","Pax5+/-",80,"days","L980",11953,"female",NA,"2016-09-07","2016-07-13","2016-09-07","no",0,"pre-abx","Before Antibiotic treatment","genotype=Pax5+/-, disease=pB-ALL",0,"sub7"
"11953.L980.tp12","11953.L980.tp12","2016-04-24","#ff99ff.magenta","2016-10-04","2017-01-31","pB-ALL","CF","Pax5+/-",163,"days","L980",11953,"female",NA,"2016-09-07","2016-07-13","2016-09-07","no",12,"post-abx","1 month after treatment","genotype=Pax5+/-, disease=pB-ALL",11.8571428571429,"sub7"
"11953.L980.tp20","11953.L980.tp20","2016-04-24","#ff99ff.magenta","2016-12-07","2017-01-31","pB-ALL","CF","Pax5+/-",227,"days","L980",11953,"female",NA,"2016-09-07","2016-07-13","2016-09-07","no",20,"post-abx","3 months after treatment","genotype=Pax5+/-, disease=pB-ALL",21,"sub7"
"11953.WT1.tp00","11953.WT1.tp00","2017-04-14","#dce6f1.blue_control","2017-06-13","2018-10-10","no","SPF","WT",60,"days","WT-1",11953,"female",NA,"2017-06-14","2017-08-09","2017-08-09","yes",0,"pre-abx","Before Antibiotic treatment","genotype=WT, disease=no",-0.142857142857142,"sub19"
"11953.WT1.tp12","11953.WT1.tp12","2017-04-14","#dce6f1.blue_control","2017-10-18","2018-10-10","no","CF","WT",187,"days","WT-1",11953,"female",NA,"2017-06-14","2017-08-09","2017-08-09","no",12,"post-abx","1 month after treatment","genotype=WT, disease=no",18,"sub19"
"11953.WT1.tp20","11953.WT1.tp20","2017-04-14","#dce6f1.blue_control","2017-12-07","2018-10-10","no","CF","WT",237,"days","WT-1",11953,"female",NA,"2017-06-14","2017-08-09","2017-08-09","no",20,"post-abx","3 months after treatment","genotype=WT, disease=no",25.1428571428571,"sub19"
"11953.WT1.tp28","11953.WT1.tp28","2017-04-14","#dce6f1.blue_control","2018-02-07","2018-10-10","no","CF","WT",299,"days","WT-1",11953,"female",NA,"2017-06-14","2017-08-09","2017-08-09","no",28,"post-abx","5 months after treatment","genotype=WT, disease=no",34,"sub19"
"11953.WT1.tp36","11953.WT1.tp36","2017-04-14","#dce6f1.blue_control","2018-04-09","2018-10-10","no","CF","WT",360,"days","WT-1",11953,"female",NA,"2017-06-14","2017-08-09","2017-08-09","no",36,"post-abx","7 months after treatment","genotype=WT, disease=no",42.7142857142857,"sub19"
"11953.WT1.tp44","11953.WT1.tp44","2017-04-14","#dce6f1.blue_control","2018-06-05","2018-10-10","no","CF","WT",417,"days","WT-1",11953,"female",NA,"2017-06-14","2017-08-09","2017-08-09","no",40,"post-abx","8 months after treatment","genotype=WT, disease=no",50.8571428571429,"sub19"
"11953.WT1.tp52","11953.WT1.tp52","2017-04-14","#dce6f1.blue_control","2018-08-05","2018-10-10","no","CF","WT",478,"days","WT-1",11953,"female",NA,"2017-06-14","2017-08-09","2017-08-09","no",44,"post-abx","9 months after treatment","genotype=WT, disease=no",59.5714285714286,"sub19"
"11953.WT1.tp60","11953.WT1.tp60","2017-04-14","#dce6f1.blue_control","2018-10-06","2018-10-10","no","CF","WT",540,"days","WT-1",11953,"female",NA,"2017-06-14","2017-08-09","2017-08-09","no",52,"post-abx","11 months after treatment","genotype=WT, disease=no",68.4285714285714,"sub19"
"11953.WT10.tp00","11953.WT10.tp00","2017-05-07","#fac090.orange_control","2017-07-12","","no","SPF","WT",66,"days","WT-10",11953,"female",NA,"2017-07-12","2017-09-06","2017-09-06","no",0,"pre-abx","Before Antibiotic treatment","genotype=WT, disease=no",0,"sub32"
"11953.WT10.tp12","11953.WT10.tp12","2017-05-07","#fac090.orange_control","2017-11-02","","no","CF","WT",179,"days","WT-10",11953,"female",NA,"2017-07-12","2017-09-06","2017-09-06","no",12,"post-abx","1 month after treatment","genotype=WT, disease=no",16.1428571428571,"sub32"
"11953.WT10.tp20","11953.WT10.tp20","2017-05-07","#fac090.orange_control","2018-01-10","","no","CF","WT",248,"days","WT-10",11953,"female",NA,"2017-07-12","2017-09-06","2017-09-06","no",20,"post-abx","3 months after treatment","genotype=WT, disease=no",26,"sub32"
"11953.WT10.tp28","11953.WT10.tp28","2017-05-07","#fac090.orange_control","2018-03-15","","no","CF","WT",312,"days","WT-10",11953,"female",NA,"2017-07-12","2017-09-06","2017-09-06","no",28,"post-abx","5 months after treatment","genotype=WT, disease=no",35.1428571428571,"sub32"
"11953.WT10.tp36","11953.WT10.tp36","2017-05-07","#fac090.orange_control","2018-05-10","","no","CF","WT",368,"days","WT-10",11953,"female",NA,"2017-07-12","2017-09-06","2017-09-06","no",36,"post-abx","7 months after treatment","genotype=WT, disease=no",43.1428571428571,"sub32"
"11953.WT10.tp44","11953.WT10.tp44","2017-05-07","#fac090.orange_control","2018-07-03","","no","CF","WT",422,"days","WT-10",11953,"female",NA,"2017-07-12","2017-09-06","2017-09-06","no",40,"post-abx","8 months after treatment","genotype=WT, disease=no",50.8571428571429,"sub32"
"11953.WT10.tp52","11953.WT10.tp52","2017-05-07","#fac090.orange_control","2018-09-03","","no","CF","WT",484,"days","WT-10",11953,"female",NA,"2017-07-12","2017-09-06","2017-09-06","no",44,"post-abx","9 months after treatment","genotype=WT, disease=no",59.7142857142857,"sub32"
"11953.WT10.tp60","11953.WT10.tp60","2017-05-07","#fac090.orange_control","2018-11-03","","no","CF","WT",545,"days","WT-10",11953,"female",NA,"2017-07-12","2017-09-06","2017-09-06","no",52,"post-abx","11 months after treatment","genotype=WT, disease=no",68.4285714285714,"sub32"
"11953.WT10.tp68","11953.WT10.tp68","2017-05-07","#fac090.orange_control","2019-01-10","","no","CF","WT",613,"days","WT-10",11953,"female",NA,"2017-07-12","2017-09-06","2017-09-06","no",60,"post-abx","13 months after treatment","genotype=WT, disease=no",78.1428571428571,"sub32"
"11953.WT10.tp76","11953.WT10.tp76","2017-05-07","#fac090.orange_control","2019-03-14","","no","CF","WT",676,"days","WT-10",11953,"female",NA,"2017-07-12","2017-09-06","2017-09-06","no",68,"post-abx","15 months after treatment","genotype=WT, disease=no",87.1428571428571,"sub32"
"11953.WT11.tp00","11953.WT11.tp00","2017-05-07","#fac090.orange_control","2017-07-12","","no","SPF","WT",66,"days","WT-11",11953,"female",NA,"2017-07-12","2017-09-06","2017-09-06","no",0,"pre-abx","Before Antibiotic treatment","genotype=WT, disease=no",0,"sub39"
"11953.WT11.tp04","11953.WT11.tp04","2017-05-07","#fac090.orange_control","2017-08-09","","no","CF","WT",94,"days","WT-11",11953,"female",NA,"2017-07-12","2017-09-06","2017-09-06","no",4,"abx","During Antibiotic treatment (4 weeks after treatment initiation)","genotype=WT, disease=no",4,"sub39"
"11953.WT11.tp12","11953.WT11.tp12","2017-05-07","#fac090.orange_control","2017-11-02","","no","CF","WT",179,"days","WT-11",11953,"female",NA,"2017-07-12","2017-09-06","2017-09-06","no",12,"post-abx","1 month after treatment","genotype=WT, disease=no",16.1428571428571,"sub39"
"11953.WT11.tp20","11953.WT11.tp20","2017-05-07","#fac090.orange_control","2018-01-10","","no","CF","WT",248,"days","WT-11",11953,"female",NA,"2017-07-12","2017-09-06","2017-09-06","no",20,"post-abx","3 months after treatment","genotype=WT, disease=no",26,"sub39"
"11953.WT11.tp28","11953.WT11.tp28","2017-05-07","#fac090.orange_control","2018-03-15","","no","CF","WT",312,"days","WT-11",11953,"female",NA,"2017-07-12","2017-09-06","2017-09-06","no",28,"post-abx","5 months after treatment","genotype=WT, disease=no",35.1428571428571,"sub39"
"11953.WT11.tp36","11953.WT11.tp36","2017-05-07","#fac090.orange_control","2018-05-10","","no","CF","WT",368,"days","WT-11",11953,"female",NA,"2017-07-12","2017-09-06","2017-09-06","no",36,"post-abx","7 months after treatment","genotype=WT, disease=no",43.1428571428571,"sub39"
"11953.WT11.tp44","11953.WT11.tp44","2017-05-07","#fac090.orange_control","2018-07-03","","no","CF","WT",422,"days","WT-11",11953,"female",NA,"2017-07-12","2017-09-06","2017-09-06","no",40,"post-abx","8 months after treatment","genotype=WT, disease=no",50.8571428571429,"sub39"
"11953.WT11.tp52","11953.WT11.tp52","2017-05-07","#fac090.orange_control","2018-09-03","","no","CF","WT",484,"days","WT-11",11953,"female",NA,"2017-07-12","2017-09-06","2017-09-06","no",44,"post-abx","9 months after treatment","genotype=WT, disease=no",59.7142857142857,"sub39"
"11953.WT11.tp60","11953.WT11.tp60","2017-05-07","#fac090.orange_control","2018-11-03","","no","CF","WT",545,"days","WT-11",11953,"female",NA,"2017-07-12","2017-09-06","2017-09-06","no",52,"post-abx","11 months after treatment","genotype=WT, disease=no",68.4285714285714,"sub39"
"11953.WT11.tp68","11953.WT11.tp68","2017-05-07","#fac090.orange_control","2019-01-10","","no","CF","WT",613,"days","WT-11",11953,"female",NA,"2017-07-12","2017-09-06","2017-09-06","no",60,"post-abx","13 months after treatment","genotype=WT, disease=no",78.1428571428571,"sub39"
"11953.WT11.tp76","11953.WT11.tp76","2017-05-07","#fac090.orange_control","2019-03-14","","no","CF","WT",676,"days","WT-11",11953,"female",NA,"2017-07-12","2017-09-06","2017-09-06","no",68,"post-abx","15 months after treatment","genotype=WT, disease=no",87.1428571428571,"sub39"
"11953.WT12.tp00","11953.WT12.tp00","2017-05-07","#fac090.orange_control","2017-07-12","2018-11-29","no","SPF","WT",66,"days","WT-12",11953,"female",NA,"2017-07-12","2017-09-06","2017-09-06","yes",0,"pre-abx","Before Antibiotic treatment","genotype=WT, disease=no",0,"sub38"
"11953.WT12.tp12","11953.WT12.tp12","2017-05-07","#fac090.orange_control","2017-11-02","2018-11-29","no","CF","WT",179,"days","WT-12",11953,"female",NA,"2017-07-12","2017-09-06","2017-09-06","no",12,"post-abx","1 month after treatment","genotype=WT, disease=no",16.1428571428571,"sub38"
"11953.WT12.tp20","11953.WT12.tp20","2017-05-07","#fac090.orange_control","2018-01-10","2018-11-29","no","CF","WT",248,"days","WT-12",11953,"female",NA,"2017-07-12","2017-09-06","2017-09-06","no",20,"post-abx","3 months after treatment","genotype=WT, disease=no",26,"sub38"
"11953.WT12.tp28","11953.WT12.tp28","2017-05-07","#fac090.orange_control","2018-03-15","2018-11-29","no","CF","WT",312,"days","WT-12",11953,"female",NA,"2017-07-12","2017-09-06","2017-09-06","no",28,"post-abx","5 months after treatment","genotype=WT, disease=no",35.1428571428571,"sub38"
"11953.WT12.tp36","11953.WT12.tp36","2017-05-07","#fac090.orange_control","2018-05-10","2018-11-29","no","CF","WT",368,"days","WT-12",11953,"female",NA,"2017-07-12","2017-09-06","2017-09-06","no",36,"post-abx","7 months after treatment","genotype=WT, disease=no",43.1428571428571,"sub38"
"11953.WT12.tp44","11953.WT12.tp44","2017-05-07","#fac090.orange_control","2018-07-03","2018-11-29","no","CF","WT",422,"days","WT-12",11953,"female",NA,"2017-07-12","2017-09-06","2017-09-06","no",40,"post-abx","8 months after treatment","genotype=WT, disease=no",50.8571428571429,"sub38"
"11953.WT12.tp52","11953.WT12.tp52","2017-05-07","#fac090.orange_control","2018-09-03","2018-11-29","no","CF","WT",484,"days","WT-12",11953,"female",NA,"2017-07-12","2017-09-06","2017-09-06","no",44,"post-abx","9 months after treatment","genotype=WT, disease=no",59.7142857142857,"sub38"
"11953.WT12.tp60","11953.WT12.tp60","2017-05-07","#fac090.orange_control","2018-11-03","2018-11-29","no","CF","WT",545,"days","WT-12",11953,"female",NA,"2017-07-12","2017-09-06","2017-09-06","no",52,"post-abx","11 months after treatment","genotype=WT, disease=no",68.4285714285714,"sub38"
"11953.WT13.tp00","11953.WT13.tp00","2017-09-22","#ffff99.yellow_control","2017-11-20","","no","SPF","WT",59,"days","WT-13",11953,"female",NA,"2017-11-22","2018-01-17","2018-01-17","no",0,"pre-abx","Before Antibiotic treatment","genotype=WT, disease=no",-0.285714285714286,"sub12"
"11953.WT13.tp12","11953.WT13.tp12","2017-09-22","#ffff99.yellow_control","2018-03-15","","no","CF","WT",174,"days","WT-13",11953,"female",NA,"2017-11-22","2018-01-17","2018-01-17","no",12,"post-abx","1 month after treatment","genotype=WT, disease=no",16.1428571428571,"sub12"
"11953.WT13.tp20","11953.WT13.tp20","2017-09-22","#ffff99.yellow_control","2018-05-21","","no","CF","WT",241,"days","WT-13",11953,"female",NA,"2017-11-22","2018-01-17","2018-01-17","no",20,"post-abx","3 months after treatment","genotype=WT, disease=no",25.7142857142857,"sub12"
"11953.WT13.tp28","11953.WT13.tp28","2017-09-22","#ffff99.yellow_control","2018-07-21","","no","CF","WT",302,"days","WT-13",11953,"female",NA,"2017-11-22","2018-01-17","2018-01-17","no",28,"post-abx","5 months after treatment","genotype=WT, disease=no",34.4285714285714,"sub12"
"11953.WT13.tp36","11953.WT13.tp36","2017-09-22","#ffff99.yellow_control","2018-09-20","","no","CF","WT",363,"days","WT-13",11953,"female",NA,"2017-11-22","2018-01-17","2018-01-17","no",36,"post-abx","7 months after treatment","genotype=WT, disease=no",43.1428571428571,"sub12"
"11953.WT13.tp44","11953.WT13.tp44","2017-09-22","#ffff99.yellow_control","2018-11-18","","no","CF","WT",422,"days","WT-13",11953,"female",NA,"2017-11-22","2018-01-17","2018-01-17","no",40,"post-abx","8 months after treatment","genotype=WT, disease=no",51.5714285714286,"sub12"
"11953.WT13.tp52","11953.WT13.tp52","2017-09-22","#ffff99.yellow_control","2019-01-18","","no","CF","WT",483,"days","WT-13",11953,"female",NA,"2017-11-22","2018-01-17","2018-01-17","no",44,"post-abx","9 months after treatment","genotype=WT, disease=no",60.2857142857143,"sub12"
"11953.WT13.tp60","11953.WT13.tp60","2017-09-22","#ffff99.yellow_control","2019-03-14","","no","CF","WT",538,"days","WT-13",11953,"female",NA,"2017-11-22","2018-01-17","2018-01-17","no",52,"post-abx","11 months after treatment","genotype=WT, disease=no",68.1428571428571,"sub12"
"11953.WT14.tp00","11953.WT14.tp00","2017-09-22","#ffff99.yellow_control","2017-11-20","","no","SPF","WT",59,"days","WT-14",11953,"female",NA,"2017-11-22","2018-01-17","2018-01-17","no",0,"pre-abx","Before Antibiotic treatment","genotype=WT, disease=no",-0.285714285714286,"sub22"
"11953.WT14.tp12","11953.WT14.tp12","2017-09-22","#ffff99.yellow_control","2018-03-15","","no","CF","WT",174,"days","WT-14",11953,"female",NA,"2017-11-22","2018-01-17","2018-01-17","no",12,"post-abx","1 month after treatment","genotype=WT, disease=no",16.1428571428571,"sub22"
"11953.WT14.tp20","11953.WT14.tp20","2017-09-22","#ffff99.yellow_control","2018-05-21","","no","CF","WT",241,"days","WT-14",11953,"female",NA,"2017-11-22","2018-01-17","2018-01-17","no",20,"post-abx","3 months after treatment","genotype=WT, disease=no",25.7142857142857,"sub22"
"11953.WT14.tp28","11953.WT14.tp28","2017-09-22","#ffff99.yellow_control","2018-07-21","","no","CF","WT",302,"days","WT-14",11953,"female",NA,"2017-11-22","2018-01-17","2018-01-17","no",28,"post-abx","5 months after treatment","genotype=WT, disease=no",34.4285714285714,"sub22"
"11953.WT14.tp36","11953.WT14.tp36","2017-09-22","#ffff99.yellow_control","2018-09-20","","no","CF","WT",363,"days","WT-14",11953,"female",NA,"2017-11-22","2018-01-17","2018-01-17","no",36,"post-abx","7 months after treatment","genotype=WT, disease=no",43.1428571428571,"sub22"
"11953.WT14.tp44","11953.WT14.tp44","2017-09-22","#ffff99.yellow_control","2018-11-18","","no","CF","WT",422,"days","WT-14",11953,"female",NA,"2017-11-22","2018-01-17","2018-01-17","no",40,"post-abx","8 months after treatment","genotype=WT, disease=no",51.5714285714286,"sub22"
"11953.WT14.tp52","11953.WT14.tp52","2017-09-22","#ffff99.yellow_control","2019-01-18","","no","CF","WT",483,"days","WT-14",11953,"female",NA,"2017-11-22","2018-01-17","2018-01-17","no",44,"post-abx","9 months after treatment","genotype=WT, disease=no",60.2857142857143,"sub22"
"11953.WT14.tp60","11953.WT14.tp60","2017-09-22","#ffff99.yellow_control","2019-03-14","","no","CF","WT",538,"days","WT-14",11953,"female",NA,"2017-11-22","2018-01-17","2018-01-17","no",52,"post-abx","11 months after treatment","genotype=WT, disease=no",68.1428571428571,"sub22"
"11953.WT15.tp00","11953.WT15.tp00","2017-09-22","#ffff99.yellow_control","2017-11-20","","no","SPF","WT",59,"days","WT-15",11953,"female",NA,"2017-11-22","2018-01-17","2018-01-17","no",0,"pre-abx","Before Antibiotic treatment","genotype=WT, disease=no",-0.285714285714286,"sub21"
"11953.WT15.tp08","11953.WT15.tp08","2017-09-22","#ffff99.yellow_control","2018-01-15","","no","CF","WT",115,"days","WT-15",11953,"female",NA,"2017-11-22","2018-01-17","2018-01-17","no",8,"abx","At the end of the antibiotic treatment (8 weeks after treatment initiation)","genotype=WT, disease=no",7.71428571428571,"sub21"
"11953.WT15.tp12","11953.WT15.tp12","2017-09-22","#ffff99.yellow_control","2018-03-15","","no","CF","WT",174,"days","WT-15",11953,"female",NA,"2017-11-22","2018-01-17","2018-01-17","no",12,"post-abx","1 month after treatment","genotype=WT, disease=no",16.1428571428571,"sub21"
"11953.WT15.tp20","11953.WT15.tp20","2017-09-22","#ffff99.yellow_control","2018-05-21","","no","CF","WT",241,"days","WT-15",11953,"female",NA,"2017-11-22","2018-01-17","2018-01-17","no",20,"post-abx","3 months after treatment","genotype=WT, disease=no",25.7142857142857,"sub21"
"11953.WT15.tp28","11953.WT15.tp28","2017-09-22","#ffff99.yellow_control","2018-07-21","","no","CF","WT",302,"days","WT-15",11953,"female",NA,"2017-11-22","2018-01-17","2018-01-17","no",28,"post-abx","5 months after treatment","genotype=WT, disease=no",34.4285714285714,"sub21"
"11953.WT15.tp36","11953.WT15.tp36","2017-09-22","#ffff99.yellow_control","2018-09-20","","no","CF","WT",363,"days","WT-15",11953,"female",NA,"2017-11-22","2018-01-17","2018-01-17","no",36,"post-abx","7 months after treatment","genotype=WT, disease=no",43.1428571428571,"sub21"
"11953.WT15.tp44","11953.WT15.tp44","2017-09-22","#ffff99.yellow_control","2018-11-18","","no","CF","WT",422,"days","WT-15",11953,"female",NA,"2017-11-22","2018-01-17","2018-01-17","no",40,"post-abx","8 months after treatment","genotype=WT, disease=no",51.5714285714286,"sub21"
"11953.WT15.tp52","11953.WT15.tp52","2017-09-22","#ffff99.yellow_control","2019-01-18","","no","CF","WT",483,"days","WT-15",11953,"female",NA,"2017-11-22","2018-01-17","2018-01-17","no",44,"post-abx","9 months after treatment","genotype=WT, disease=no",60.2857142857143,"sub21"
"11953.WT15.tp60","11953.WT15.tp60","2017-09-22","#ffff99.yellow_control","2019-03-14","","no","CF","WT",538,"days","WT-15",11953,"female",NA,"2017-11-22","2018-01-17","2018-01-17","no",52,"post-abx","11 months after treatment","genotype=WT, disease=no",68.1428571428571,"sub21"
"11953.WT16.tp00","11953.WT16.tp00","2017-09-22","#ffff99.yellow_control","2017-11-20","","no","SPF","WT",59,"days","WT-16",11953,"female",NA,"2017-11-22","2018-01-17","2018-01-17","no",0,"pre-abx","Before Antibiotic treatment","genotype=WT, disease=no",-0.285714285714286,"sub30"
"11953.WT16.tp08","11953.WT16.tp08","2017-09-22","#ffff99.yellow_control","2018-01-15","","no","CF","WT",115,"days","WT-16",11953,"female",NA,"2017-11-22","2018-01-17","2018-01-17","no",8,"abx","At the end of the antibiotic treatment (8 weeks after treatment initiation)","genotype=WT, disease=no",7.71428571428571,"sub30"
"11953.WT16.tp12","11953.WT16.tp12","2017-09-22","#ffff99.yellow_control","2018-03-15","","no","CF","WT",174,"days","WT-16",11953,"female",NA,"2017-11-22","2018-01-17","2018-01-17","no",12,"post-abx","1 month after treatment","genotype=WT, disease=no",16.1428571428571,"sub30"
"11953.WT16.tp20","11953.WT16.tp20","2017-09-22","#ffff99.yellow_control","2018-05-21","","no","CF","WT",241,"days","WT-16",11953,"female",NA,"2017-11-22","2018-01-17","2018-01-17","no",20,"post-abx","3 months after treatment","genotype=WT, disease=no",25.7142857142857,"sub30"
"11953.WT16.tp28","11953.WT16.tp28","2017-09-22","#ffff99.yellow_control","2018-07-21","","no","CF","WT",302,"days","WT-16",11953,"female",NA,"2017-11-22","2018-01-17","2018-01-17","no",28,"post-abx","5 months after treatment","genotype=WT, disease=no",34.4285714285714,"sub30"
"11953.WT16.tp36","11953.WT16.tp36","2017-09-22","#ffff99.yellow_control","2018-09-20","","no","CF","WT",363,"days","WT-16",11953,"female",NA,"2017-11-22","2018-01-17","2018-01-17","no",36,"post-abx","7 months after treatment","genotype=WT, disease=no",43.1428571428571,"sub30"
"11953.WT16.tp44","11953.WT16.tp44","2017-09-22","#ffff99.yellow_control","2018-11-18","","no","CF","WT",422,"days","WT-16",11953,"female",NA,"2017-11-22","2018-01-17","2018-01-17","no",40,"post-abx","8 months after treatment","genotype=WT, disease=no",51.5714285714286,"sub30"
"11953.WT16.tp52","11953.WT16.tp52","2017-09-22","#ffff99.yellow_control","2019-01-18","","no","CF","WT",483,"days","WT-16",11953,"female",NA,"2017-11-22","2018-01-17","2018-01-17","no",44,"post-abx","9 months after treatment","genotype=WT, disease=no",60.2857142857143,"sub30"
"11953.WT16.tp60","11953.WT16.tp60","2017-09-22","#ffff99.yellow_control","2019-03-14","","no","CF","WT",538,"days","WT-16",11953,"female",NA,"2017-11-22","2018-01-17","2018-01-17","no",52,"post-abx","11 months after treatment","genotype=WT, disease=no",68.1428571428571,"sub30"
"11953.WT17.tp00","11953.WT17.tp00","2017-09-22","#ffff99.yellow_control","2017-11-20","","no","SPF","WT",59,"days","WT-17",11953,"female",NA,"2017-11-22","2018-01-17","2018-01-17","no",0,"pre-abx","Before Antibiotic treatment","genotype=WT, disease=no",-0.285714285714286,"sub11"
"11953.WT17.tp08","11953.WT17.tp08","2017-09-22","#ffff99.yellow_control","2018-01-15","","no","CF","WT",115,"days","WT-17",11953,"female",NA,"2017-11-22","2018-01-17","2018-01-17","no",8,"abx","At the end of the antibiotic treatment (8 weeks after treatment initiation)","genotype=WT, disease=no",7.71428571428571,"sub11"
"11953.WT17.tp12","11953.WT17.tp12","2017-09-22","#ffff99.yellow_control","2018-03-15","","no","CF","WT",174,"days","WT-17",11953,"female",NA,"2017-11-22","2018-01-17","2018-01-17","no",12,"post-abx","1 month after treatment","genotype=WT, disease=no",16.1428571428571,"sub11"
"11953.WT17.tp20","11953.WT17.tp20","2017-09-22","#ffff99.yellow_control","2018-05-21","","no","CF","WT",241,"days","WT-17",11953,"female",NA,"2017-11-22","2018-01-17","2018-01-17","no",20,"post-abx","3 months after treatment","genotype=WT, disease=no",25.7142857142857,"sub11"
"11953.WT17.tp28","11953.WT17.tp28","2017-09-22","#ffff99.yellow_control","2018-07-21","","no","CF","WT",302,"days","WT-17",11953,"female",NA,"2017-11-22","2018-01-17","2018-01-17","no",28,"post-abx","5 months after treatment","genotype=WT, disease=no",34.4285714285714,"sub11"
"11953.WT17.tp36","11953.WT17.tp36","2017-09-22","#ffff99.yellow_control","2018-09-20","","no","CF","WT",363,"days","WT-17",11953,"female",NA,"2017-11-22","2018-01-17","2018-01-17","no",36,"post-abx","7 months after treatment","genotype=WT, disease=no",43.1428571428571,"sub11"
"11953.WT17.tp44","11953.WT17.tp44","2017-09-22","#ffff99.yellow_control","2018-11-18","","no","CF","WT",422,"days","WT-17",11953,"female",NA,"2017-11-22","2018-01-17","2018-01-17","no",40,"post-abx","8 months after treatment","genotype=WT, disease=no",51.5714285714286,"sub11"
"11953.WT17.tp52","11953.WT17.tp52","2017-09-22","#ffff99.yellow_control","2019-01-18","","no","CF","WT",483,"days","WT-17",11953,"female",NA,"2017-11-22","2018-01-17","2018-01-17","no",44,"post-abx","9 months after treatment","genotype=WT, disease=no",60.2857142857143,"sub11"
"11953.WT17.tp60","11953.WT17.tp60","2017-09-22","#ffff99.yellow_control","2019-03-14","","no","CF","WT",538,"days","WT-17",11953,"female",NA,"2017-11-22","2018-01-17","2018-01-17","no",52,"post-abx","11 months after treatment","genotype=WT, disease=no",68.1428571428571,"sub11"
"11953.WT18.tp00","11953.WT18.tp00","2017-09-22","#ffff99.yellow_control","2017-11-20","","no","SPF","WT",59,"days","WT-18",11953,"female",NA,"2017-11-22","2018-01-17","2018-01-17","no",0,"pre-abx","Before Antibiotic treatment","genotype=WT, disease=no",-0.285714285714286,"sub20"
"11953.WT18.tp08","11953.WT18.tp08","2017-09-22","#ffff99.yellow_control","2018-01-15","","no","CF","WT",115,"days","WT-18",11953,"female",NA,"2017-11-22","2018-01-17","2018-01-17","no",8,"abx","At the end of the antibiotic treatment (8 weeks after treatment initiation)","genotype=WT, disease=no",7.71428571428571,"sub20"
"11953.WT18.tp12","11953.WT18.tp12","2017-09-22","#ffff99.yellow_control","2018-03-15","","no","CF","WT",174,"days","WT-18",11953,"female",NA,"2017-11-22","2018-01-17","2018-01-17","no",12,"post-abx","1 month after treatment","genotype=WT, disease=no",16.1428571428571,"sub20"
"11953.WT18.tp20","11953.WT18.tp20","2017-09-22","#ffff99.yellow_control","2018-05-21","","no","CF","WT",241,"days","WT-18",11953,"female",NA,"2017-11-22","2018-01-17","2018-01-17","no",20,"post-abx","3 months after treatment","genotype=WT, disease=no",25.7142857142857,"sub20"
"11953.WT18.tp28","11953.WT18.tp28","2017-09-22","#ffff99.yellow_control","2018-07-21","","no","CF","WT",302,"days","WT-18",11953,"female",NA,"2017-11-22","2018-01-17","2018-01-17","no",28,"post-abx","5 months after treatment","genotype=WT, disease=no",34.4285714285714,"sub20"
"11953.WT18.tp36","11953.WT18.tp36","2017-09-22","#ffff99.yellow_control","2018-09-20","","no","CF","WT",363,"days","WT-18",11953,"female",NA,"2017-11-22","2018-01-17","2018-01-17","no",36,"post-abx","7 months after treatment","genotype=WT, disease=no",43.1428571428571,"sub20"
"11953.WT18.tp44","11953.WT18.tp44","2017-09-22","#ffff99.yellow_control","2018-11-18","","no","CF","WT",422,"days","WT-18",11953,"female",NA,"2017-11-22","2018-01-17","2018-01-17","no",40,"post-abx","8 months after treatment","genotype=WT, disease=no",51.5714285714286,"sub20"
"11953.WT18.tp52","11953.WT18.tp52","2017-09-22","#ffff99.yellow_control","2019-01-18","","no","CF","WT",483,"days","WT-18",11953,"female",NA,"2017-11-22","2018-01-17","2018-01-17","no",44,"post-abx","9 months after treatment","genotype=WT, disease=no",60.2857142857143,"sub20"
"11953.WT18.tp60","11953.WT18.tp60","2017-09-22","#ffff99.yellow_control","2019-03-14","","no","CF","WT",538,"days","WT-18",11953,"female",NA,"2017-11-22","2018-01-17","2018-01-17","no",52,"post-abx","11 months after treatment","genotype=WT, disease=no",68.1428571428571,"sub20"
"11953.WT2.tp00","11953.WT2.tp00","2017-04-14","#dce6f1.blue_control","2017-06-13","2018-10-12","no","SPF","WT",60,"days","WT-2",11953,"female",NA,"2017-06-14","2017-08-09","2017-08-09","yes",0,"pre-abx","Before Antibiotic treatment","genotype=WT, disease=no",-0.142857142857142,"sub43"
"11953.WT2.tp12","11953.WT2.tp12","2017-04-14","#dce6f1.blue_control","2017-10-18","2018-10-12","no","CF","WT",187,"days","WT-2",11953,"female",NA,"2017-06-14","2017-08-09","2017-08-09","no",12,"post-abx","1 month after treatment","genotype=WT, disease=no",18,"sub43"
"11953.WT2.tp20","11953.WT2.tp20","2017-04-14","#dce6f1.blue_control","2017-12-07","2018-10-12","no","CF","WT",237,"days","WT-2",11953,"female",NA,"2017-06-14","2017-08-09","2017-08-09","no",20,"post-abx","3 months after treatment","genotype=WT, disease=no",25.1428571428571,"sub43"
"11953.WT2.tp28","11953.WT2.tp28","2017-04-14","#dce6f1.blue_control","2018-02-07","2018-10-12","no","CF","WT",299,"days","WT-2",11953,"female",NA,"2017-06-14","2017-08-09","2017-08-09","no",28,"post-abx","5 months after treatment","genotype=WT, disease=no",34,"sub43"
"11953.WT2.tp36","11953.WT2.tp36","2017-04-14","#dce6f1.blue_control","2018-04-09","2018-10-12","no","CF","WT",360,"days","WT-2",11953,"female",NA,"2017-06-14","2017-08-09","2017-08-09","no",36,"post-abx","7 months after treatment","genotype=WT, disease=no",42.7142857142857,"sub43"
"11953.WT2.tp44","11953.WT2.tp44","2017-04-14","#dce6f1.blue_control","2018-06-05","2018-10-12","no","CF","WT",417,"days","WT-2",11953,"female",NA,"2017-06-14","2017-08-09","2017-08-09","no",40,"post-abx","8 months after treatment","genotype=WT, disease=no",50.8571428571429,"sub43"
"11953.WT2.tp52","11953.WT2.tp52","2017-04-14","#dce6f1.blue_control","2018-08-05","2018-10-12","no","CF","WT",478,"days","WT-2",11953,"female",NA,"2017-06-14","2017-08-09","2017-08-09","no",44,"post-abx","9 months after treatment","genotype=WT, disease=no",59.5714285714286,"sub43"
"11953.WT2.tp60","11953.WT2.tp60","2017-04-14","#dce6f1.blue_control","2018-10-06","2018-10-12","no","CF","WT",540,"days","WT-2",11953,"female",NA,"2017-06-14","2017-08-09","2017-08-09","no",52,"post-abx","11 months after treatment","genotype=WT, disease=no",68.4285714285714,"sub43"
"11953.WT3.tp00","11953.WT3.tp00","2017-04-14","#dce6f1.blue_control","2017-06-13","2018-10-12","no","SPF","WT",60,"days","WT-3",11953,"female",NA,"2017-06-14","2017-08-09","2017-08-09","yes",0,"pre-abx","Before Antibiotic treatment","genotype=WT, disease=no",-0.142857142857142,"sub37"
"11953.WT3.tp12","11953.WT3.tp12","2017-04-14","#dce6f1.blue_control","2017-10-18","2018-10-12","no","CF","WT",187,"days","WT-3",11953,"female",NA,"2017-06-14","2017-08-09","2017-08-09","no",12,"post-abx","1 month after treatment","genotype=WT, disease=no",18,"sub37"
"11953.WT3.tp20","11953.WT3.tp20","2017-04-14","#dce6f1.blue_control","2017-12-07","2018-10-12","no","CF","WT",237,"days","WT-3",11953,"female",NA,"2017-06-14","2017-08-09","2017-08-09","no",20,"post-abx","3 months after treatment","genotype=WT, disease=no",25.1428571428571,"sub37"
"11953.WT3.tp28","11953.WT3.tp28","2017-04-14","#dce6f1.blue_control","2018-02-07","2018-10-12","no","CF","WT",299,"days","WT-3",11953,"female",NA,"2017-06-14","2017-08-09","2017-08-09","no",28,"post-abx","5 months after treatment","genotype=WT, disease=no",34,"sub37"
"11953.WT3.tp36","11953.WT3.tp36","2017-04-14","#dce6f1.blue_control","2018-04-09","2018-10-12","no","CF","WT",360,"days","WT-3",11953,"female",NA,"2017-06-14","2017-08-09","2017-08-09","no",36,"post-abx","7 months after treatment","genotype=WT, disease=no",42.7142857142857,"sub37"
"11953.WT3.tp44","11953.WT3.tp44","2017-04-14","#dce6f1.blue_control","2018-06-05","2018-10-12","no","CF","WT",417,"days","WT-3",11953,"female",NA,"2017-06-14","2017-08-09","2017-08-09","no",40,"post-abx","8 months after treatment","genotype=WT, disease=no",50.8571428571429,"sub37"
"11953.WT3.tp52","11953.WT3.tp52","2017-04-14","#dce6f1.blue_control","2018-08-05","2018-10-12","no","CF","WT",478,"days","WT-3",11953,"female",NA,"2017-06-14","2017-08-09","2017-08-09","no",44,"post-abx","9 months after treatment","genotype=WT, disease=no",59.5714285714286,"sub37"
"11953.WT3.tp60","11953.WT3.tp60","2017-04-14","#dce6f1.blue_control","2018-10-06","2018-10-12","no","CF","WT",540,"days","WT-3",11953,"female",NA,"2017-06-14","2017-08-09","2017-08-09","no",52,"post-abx","11 months after treatment","genotype=WT, disease=no",68.4285714285714,"sub37"
"11953.WT4.tp00","11953.WT4.tp00","2017-04-14","#dce6f1.blue_control","2017-06-13","2018-10-09","no","SPF","WT",60,"days","WT-4",11953,"female",NA,"2017-06-14","2017-08-09","2017-08-09","yes",0,"pre-abx","Before Antibiotic treatment","genotype=WT, disease=no",-0.142857142857142,"sub33"
"11953.WT4.tp12","11953.WT4.tp12","2017-04-14","#dce6f1.blue_control","2017-10-18","2018-10-09","no","CF","WT",187,"days","WT-4",11953,"female",NA,"2017-06-14","2017-08-09","2017-08-09","no",12,"post-abx","1 month after treatment","genotype=WT, disease=no",18,"sub33"
"11953.WT4.tp20","11953.WT4.tp20","2017-04-14","#dce6f1.blue_control","2017-12-07","2018-10-09","no","CF","WT",237,"days","WT-4",11953,"female",NA,"2017-06-14","2017-08-09","2017-08-09","no",20,"post-abx","3 months after treatment","genotype=WT, disease=no",25.1428571428571,"sub33"
"11953.WT4.tp28","11953.WT4.tp28","2017-04-14","#dce6f1.blue_control","2018-02-07","2018-10-09","no","CF","WT",299,"days","WT-4",11953,"female",NA,"2017-06-14","2017-08-09","2017-08-09","no",28,"post-abx","5 months after treatment","genotype=WT, disease=no",34,"sub33"
"11953.WT4.tp36","11953.WT4.tp36","2017-04-14","#dce6f1.blue_control","2018-04-09","2018-10-09","no","CF","WT",360,"days","WT-4",11953,"female",NA,"2017-06-14","2017-08-09","2017-08-09","no",36,"post-abx","7 months after treatment","genotype=WT, disease=no",42.7142857142857,"sub33"
"11953.WT4.tp44","11953.WT4.tp44","2017-04-14","#dce6f1.blue_control","2018-06-05","2018-10-09","no","CF","WT",417,"days","WT-4",11953,"female",NA,"2017-06-14","2017-08-09","2017-08-09","no",40,"post-abx","8 months after treatment","genotype=WT, disease=no",50.8571428571429,"sub33"
"11953.WT4.tp52","11953.WT4.tp52","2017-04-14","#dce6f1.blue_control","2018-08-05","2018-10-09","no","CF","WT",478,"days","WT-4",11953,"female",NA,"2017-06-14","2017-08-09","2017-08-09","no",44,"post-abx","9 months after treatment","genotype=WT, disease=no",59.5714285714286,"sub33"
"11953.WT4.tp60","11953.WT4.tp60","2017-04-14","#dce6f1.blue_control","2018-10-06","2018-10-09","no","CF","WT",540,"days","WT-4",11953,"female",NA,"2017-06-14","2017-08-09","2017-08-09","no",52,"post-abx","11 months after treatment","genotype=WT, disease=no",68.4285714285714,"sub33"
"11953.WT6.tp00","11953.WT6.tp00","2017-04-14","#dce6f1.blue_control","2017-06-13","2019-03-05","no","SPF","WT",60,"days","WT-6",11953,"female",NA,"2017-06-14","2017-08-09","2017-08-09","no",0,"pre-abx","Before Antibiotic treatment","genotype=WT, disease=no",-0.142857142857142,"sub10"
"11953.WT6.tp12","11953.WT6.tp12","2017-04-14","#dce6f1.blue_control","2017-10-18","2019-03-05","no","CF","WT",187,"days","WT-6",11953,"female",NA,"2017-06-14","2017-08-09","2017-08-09","no",12,"post-abx","1 month after treatment","genotype=WT, disease=no",18,"sub10"
"11953.WT6.tp20","11953.WT6.tp20","2017-04-14","#dce6f1.blue_control","2017-12-07","2019-03-05","no","CF","WT",237,"days","WT-6",11953,"female",NA,"2017-06-14","2017-08-09","2017-08-09","no",20,"post-abx","3 months after treatment","genotype=WT, disease=no",25.1428571428571,"sub10"
"11953.WT6.tp28","11953.WT6.tp28","2017-04-14","#dce6f1.blue_control","2018-02-07","2019-03-05","no","CF","WT",299,"days","WT-6",11953,"female",NA,"2017-06-14","2017-08-09","2017-08-09","no",28,"post-abx","5 months after treatment","genotype=WT, disease=no",34,"sub10"
"11953.WT6.tp36","11953.WT6.tp36","2017-04-14","#dce6f1.blue_control","2018-04-09","2019-03-05","no","CF","WT",360,"days","WT-6",11953,"female",NA,"2017-06-14","2017-08-09","2017-08-09","no",36,"post-abx","7 months after treatment","genotype=WT, disease=no",42.7142857142857,"sub10"
"11953.WT6.tp44","11953.WT6.tp44","2017-04-14","#dce6f1.blue_control","2018-06-05","2019-03-05","no","CF","WT",417,"days","WT-6",11953,"female",NA,"2017-06-14","2017-08-09","2017-08-09","no",40,"post-abx","8 months after treatment","genotype=WT, disease=no",50.8571428571429,"sub10"
"11953.WT6.tp52","11953.WT6.tp52","2017-04-14","#dce6f1.blue_control","2018-08-05","2019-03-05","no","CF","WT",478,"days","WT-6",11953,"female",NA,"2017-06-14","2017-08-09","2017-08-09","no",44,"post-abx","9 months after treatment","genotype=WT, disease=no",59.5714285714286,"sub10"
"11953.WT6.tp60","11953.WT6.tp60","2017-04-14","#dce6f1.blue_control","2018-10-06","2019-03-05","no","CF","WT",540,"days","WT-6",11953,"female",NA,"2017-06-14","2017-08-09","2017-08-09","no",52,"post-abx","11 months after treatment","genotype=WT, disease=no",68.4285714285714,"sub10"
"11953.WT6.tp68","11953.WT6.tp68","2017-04-14","#dce6f1.blue_control","2018-12-06","2019-03-05","no","CF","WT",601,"days","WT-6",11953,"female",NA,"2017-06-14","2017-08-09","2017-08-09","no",60,"post-abx","13 months after treatment","genotype=WT, disease=no",77.1428571428571,"sub10"
"11953.WT6.tp76","11953.WT6.tp76","2017-04-14","#dce6f1.blue_control","2019-02-06","2019-03-05","no","CF","WT",663,"days","WT-6",11953,"female",NA,"2017-06-14","2017-08-09","2017-08-09","no",68,"post-abx","15 months after treatment","genotype=WT, disease=no",86,"sub10"
"11953.WT7.tp00","11953.WT7.tp00","2017-05-07","#fac090.orange_control","2017-07-12","2019-04-05","no","SPF","WT",66,"days","WT-7",11953,"female",NA,"2017-07-12","2017-09-06","2017-09-06","no",0,"pre-abx","Before Antibiotic treatment","genotype=WT, disease=no",0,"sub28"
"11953.WT7.tp08","11953.WT7.tp08","2017-05-07","#fac090.orange_control","2017-09-06","2019-04-05","no","CF","WT",122,"days","WT-7",11953,"female",NA,"2017-07-12","2017-09-06","2017-09-06","no",8,"abx","At the end of the antibiotic treatment (8 weeks after treatment initiation)","genotype=WT, disease=no",8,"sub28"
"11953.WT7.tp12","11953.WT7.tp12","2017-05-07","#fac090.orange_control","2017-11-02","2019-04-05","no","CF","WT",179,"days","WT-7",11953,"female",NA,"2017-07-12","2017-09-06","2017-09-06","no",12,"post-abx","1 month after treatment","genotype=WT, disease=no",16.1428571428571,"sub28"
"11953.WT7.tp20","11953.WT7.tp20","2017-05-07","#fac090.orange_control","2018-01-10","2019-04-05","no","CF","WT",248,"days","WT-7",11953,"female",NA,"2017-07-12","2017-09-06","2017-09-06","no",20,"post-abx","3 months after treatment","genotype=WT, disease=no",26,"sub28"
"11953.WT7.tp28","11953.WT7.tp28","2017-05-07","#fac090.orange_control","2018-03-15","2019-04-05","no","CF","WT",312,"days","WT-7",11953,"female",NA,"2017-07-12","2017-09-06","2017-09-06","no",28,"post-abx","5 months after treatment","genotype=WT, disease=no",35.1428571428571,"sub28"
"11953.WT7.tp36","11953.WT7.tp36","2017-05-07","#fac090.orange_control","2018-05-10","2019-04-05","no","CF","WT",368,"days","WT-7",11953,"female",NA,"2017-07-12","2017-09-06","2017-09-06","no",36,"post-abx","7 months after treatment","genotype=WT, disease=no",43.1428571428571,"sub28"
"11953.WT7.tp44","11953.WT7.tp44","2017-05-07","#fac090.orange_control","2018-07-03","2019-04-05","no","CF","WT",422,"days","WT-7",11953,"female",NA,"2017-07-12","2017-09-06","2017-09-06","no",40,"post-abx","8 months after treatment","genotype=WT, disease=no",50.8571428571429,"sub28"
"11953.WT7.tp52","11953.WT7.tp52","2017-05-07","#fac090.orange_control","2018-09-03","2019-04-05","no","CF","WT",484,"days","WT-7",11953,"female",NA,"2017-07-12","2017-09-06","2017-09-06","no",44,"post-abx","9 months after treatment","genotype=WT, disease=no",59.7142857142857,"sub28"
"11953.WT7.tp60","11953.WT7.tp60","2017-05-07","#fac090.orange_control","2018-11-03","2019-04-05","no","CF","WT",545,"days","WT-7",11953,"female",NA,"2017-07-12","2017-09-06","2017-09-06","no",52,"post-abx","11 months after treatment","genotype=WT, disease=no",68.4285714285714,"sub28"
"11953.WT7.tp68","11953.WT7.tp68","2017-05-07","#fac090.orange_control","2019-01-10","2019-04-05","no","CF","WT",613,"days","WT-7",11953,"female",NA,"2017-07-12","2017-09-06","2017-09-06","no",60,"post-abx","13 months after treatment","genotype=WT, disease=no",78.1428571428571,"sub28"
"11953.WT7.tp76","11953.WT7.tp76","2017-05-07","#fac090.orange_control","2019-03-14","2019-04-05","no","CF","WT",676,"days","WT-7",11953,"female",NA,"2017-07-12","2017-09-06","2017-09-06","no",68,"post-abx","15 months after treatment","genotype=WT, disease=no",87.1428571428571,"sub28"
"11953.WT8.tp00","11953.WT8.tp00","2017-05-07","#fac090.orange_control","2017-07-12","2019-05-07","no","SPF","WT",66,"days","WT-8",11953,"female",NA,"2017-07-12","2017-09-06","2017-09-06","no",0,"pre-abx","Before Antibiotic treatment","genotype=WT, disease=no",0,"sub35"
"11953.WT8.tp04","11953.WT8.tp04","2017-05-07","#fac090.orange_control","2017-08-09","2019-05-07","no","CF","WT",94,"days","WT-8",11953,"female",NA,"2017-07-12","2017-09-06","2017-09-06","no",4,"abx","During Antibiotic treatment (4 weeks after treatment initiation)","genotype=WT, disease=no",4,"sub35"
"11953.WT8.tp12","11953.WT8.tp12","2017-05-07","#fac090.orange_control","2017-11-02","2019-05-07","no","CF","WT",179,"days","WT-8",11953,"female",NA,"2017-07-12","2017-09-06","2017-09-06","no",12,"post-abx","1 month after treatment","genotype=WT, disease=no",16.1428571428571,"sub35"
"11953.WT8.tp20","11953.WT8.tp20","2017-05-07","#fac090.orange_control","2018-01-10","2019-05-07","no","CF","WT",248,"days","WT-8",11953,"female",NA,"2017-07-12","2017-09-06","2017-09-06","no",20,"post-abx","3 months after treatment","genotype=WT, disease=no",26,"sub35"
"11953.WT8.tp28","11953.WT8.tp28","2017-05-07","#fac090.orange_control","2018-03-15","2019-05-07","no","CF","WT",312,"days","WT-8",11953,"female",NA,"2017-07-12","2017-09-06","2017-09-06","no",28,"post-abx","5 months after treatment","genotype=WT, disease=no",35.1428571428571,"sub35"
"11953.WT8.tp36","11953.WT8.tp36","2017-05-07","#fac090.orange_control","2018-05-10","2019-05-07","no","CF","WT",368,"days","WT-8",11953,"female",NA,"2017-07-12","2017-09-06","2017-09-06","no",36,"post-abx","7 months after treatment","genotype=WT, disease=no",43.1428571428571,"sub35"
"11953.WT8.tp44","11953.WT8.tp44","2017-05-07","#fac090.orange_control","2018-07-03","2019-05-07","no","CF","WT",422,"days","WT-8",11953,"female",NA,"2017-07-12","2017-09-06","2017-09-06","no",40,"post-abx","8 months after treatment","genotype=WT, disease=no",50.8571428571429,"sub35"
"11953.WT8.tp52","11953.WT8.tp52","2017-05-07","#fac090.orange_control","2018-09-03","2019-05-07","no","CF","WT",484,"days","WT-8",11953,"female",NA,"2017-07-12","2017-09-06","2017-09-06","no",44,"post-abx","9 months after treatment","genotype=WT, disease=no",59.7142857142857,"sub35"
"11953.WT8.tp60","11953.WT8.tp60","2017-05-07","#fac090.orange_control","2018-11-03","2019-05-07","no","CF","WT",545,"days","WT-8",11953,"female",NA,"2017-07-12","2017-09-06","2017-09-06","no",52,"post-abx","11 months after treatment","genotype=WT, disease=no",68.4285714285714,"sub35"
"11953.WT8.tp68","11953.WT8.tp68","2017-05-07","#fac090.orange_control","2019-01-10","2019-05-07","no","CF","WT",613,"days","WT-8",11953,"female",NA,"2017-07-12","2017-09-06","2017-09-06","no",60,"post-abx","13 months after treatment","genotype=WT, disease=no",78.1428571428571,"sub35"
"11953.WT8.tp76","11953.WT8.tp76","2017-05-07","#fac090.orange_control","2019-03-14","2019-05-07","no","CF","WT",676,"days","WT-8",11953,"female",NA,"2017-07-12","2017-09-06","2017-09-06","no",68,"post-abx","15 months after treatment","genotype=WT, disease=no",87.1428571428571,"sub35"
"11953.WT9.tp00","11953.WT9.tp00","2017-05-07","#fac090.orange_control","2017-07-12","","no","SPF","WT",66,"days","WT-9",11953,"female",NA,"2017-07-12","2017-09-06","2017-09-06","no",0,"pre-abx","Before Antibiotic treatment","genotype=WT, disease=no",0,"sub31"
"11953.WT9.tp12","11953.WT9.tp12","2017-05-07","#fac090.orange_control","2017-11-02","","no","CF","WT",179,"days","WT-9",11953,"female",NA,"2017-07-12","2017-09-06","2017-09-06","no",12,"post-abx","1 month after treatment","genotype=WT, disease=no",16.1428571428571,"sub31"
"11953.WT9.tp20","11953.WT9.tp20","2017-05-07","#fac090.orange_control","2018-01-10","","no","CF","WT",248,"days","WT-9",11953,"female",NA,"2017-07-12","2017-09-06","2017-09-06","no",20,"post-abx","3 months after treatment","genotype=WT, disease=no",26,"sub31"
"11953.WT9.tp28","11953.WT9.tp28","2017-05-07","#fac090.orange_control","2018-03-15","","no","CF","WT",312,"days","WT-9",11953,"female",NA,"2017-07-12","2017-09-06","2017-09-06","no",28,"post-abx","5 months after treatment","genotype=WT, disease=no",35.1428571428571,"sub31"
"11953.WT9.tp36","11953.WT9.tp36","2017-05-07","#fac090.orange_control","2018-05-10","","no","CF","WT",368,"days","WT-9",11953,"female",NA,"2017-07-12","2017-09-06","2017-09-06","no",36,"post-abx","7 months after treatment","genotype=WT, disease=no",43.1428571428571,"sub31"
"11953.WT9.tp44","11953.WT9.tp44","2017-05-07","#fac090.orange_control","2018-07-03","","no","CF","WT",422,"days","WT-9",11953,"female",NA,"2017-07-12","2017-09-06","2017-09-06","no",40,"post-abx","8 months after treatment","genotype=WT, disease=no",50.8571428571429,"sub31"
"11953.WT9.tp52","11953.WT9.tp52","2017-05-07","#fac090.orange_control","2018-09-03","","no","CF","WT",484,"days","WT-9",11953,"female",NA,"2017-07-12","2017-09-06","2017-09-06","no",44,"post-abx","9 months after treatment","genotype=WT, disease=no",59.7142857142857,"sub31"
"11953.WT9.tp60","11953.WT9.tp60","2017-05-07","#fac090.orange_control","2018-11-03","","no","CF","WT",545,"days","WT-9",11953,"female",NA,"2017-07-12","2017-09-06","2017-09-06","no",52,"post-abx","11 months after treatment","genotype=WT, disease=no",68.4285714285714,"sub31"
"11953.WT9.tp68","11953.WT9.tp68","2017-05-07","#fac090.orange_control","2019-01-10","","no","CF","WT",613,"days","WT-9",11953,"female",NA,"2017-07-12","2017-09-06","2017-09-06","no",60,"post-abx","13 months after treatment","genotype=WT, disease=no",78.1428571428571,"sub31"
"11953.WT9.tp76","11953.WT9.tp76","2017-05-07","#fac090.orange_control","2019-03-14","","no","CF","WT",676,"days","WT-9",11953,"female",NA,"2017-07-12","2017-09-06","2017-09-06","no",68,"post-abx","15 months after treatment","genotype=WT, disease=no",87.1428571428571,"sub31"
