"","sequence","PC","rank","Taxon","Confidence","dummy"
"TACGGAGGATCCGAGCGTTATCCGGATTCATTGGGTTTAAAGGGTGCGTAGGTTGTTTTATAAGTTAGCGGTGAAATACCGATGCTCAACATCGGGGCTGCCGCTGATACTGTAGGACTAGAGATCGGATGCAGCAGGCGGAATGTGTAG","TACGGAGGATCCGAGCGTTATCCGGATTCATTGGGTTTAAAGGGTGCGTAGGTTGTTTTATAAGTTAGCGGTGAAATACCGATGCTCAACATCGGGGCTGCCGCTGATACTGTAGGACTAGAGATCGGATGCAGCAGGCGGAATGTGTAG",1,"Top","d__Bacteria; p__Bacteroidota; c__Bacteroidia; o__Bacteroidales; f__Rikenellaceae; g__; s__",1,"ASV1"
"TACGGAGGATGCGAGCGTTATCCGGATTTATTGGGTTTAAAGGGTGCGTAGGCGGATCGTTAAGTCAGTGGTCAAATTGAGGGGCTCAACCCCTTCCCGCCATTGAAACTGGCGTTCTTGAGTGGAAGAGAAGTATGCGGAATGCGTGGT","TACGGAGGATGCGAGCGTTATCCGGATTTATTGGGTTTAAAGGGTGCGTAGGCGGATCGTTAAGTCAGTGGTCAAATTGAGGGGCTCAACCCCTTCCCGCCATTGAAACTGGCGTTCTTGAGTGGAAGAGAAGTATGCGGAATGCGTGGT",1,"Top","d__Bacteria; p__Bacteroidota; c__Bacteroidia; o__Bacteroidales; f__Muribaculaceae; g__Duncaniella; s__",1,"ASV2"
"TACGGAGGATGCGAGCGTTATCCGGATTTATTGGGTTTAAAGGGTGCGTAGGCGGCATTATAAGTTAGTGGTAAAATATTGGGGCTTCACCTCACTACGCCATTAATACTGTAGAGCTAGAGAACAGACGAGGTAGGCGGAATAAGTTAA","TACGGAGGATGCGAGCGTTATCCGGATTTATTGGGTTTAAAGGGTGCGTAGGCGGCATTATAAGTTAGTGGTAAAATATTGGGGCTTCACCTCACTACGCCATTAATACTGTAGAGCTAGAGAACAGACGAGGTAGGCGGAATAAGTTAA",1,"Top","d__Bacteria; p__Bacteroidota; c__Bacteroidia; o__Bacteroidales; f__Marinifilaceae; g__Odoribacter_865974; s__Odoribacter laneus",1,"ASV3"
"TACGGAGGATGCGAGCGTTATCCGGATTTATTGGGTTTAAAGGGTGCGTAGGCGGTATTTTAAGTTAGTGGTAAAACGTCGGGGCTTCACCTTGATTGGCCATTAAAACTGGAGTACTAGAGTACAGACGAGGTAGGCGGAATAAGTTAA","TACGGAGGATGCGAGCGTTATCCGGATTTATTGGGTTTAAAGGGTGCGTAGGCGGTATTTTAAGTTAGTGGTAAAACGTCGGGGCTTCACCTTGATTGGCCATTAAAACTGGAGTACTAGAGTACAGACGAGGTAGGCGGAATAAGTTAA",1,"Top","d__Bacteria; p__Bacteroidota; c__Bacteroidia; o__Bacteroidales; f__Marinifilaceae; g__Odoribacter_865974; s__Odoribacter splanchnicus",1,"ASV4"
"TACGGAGGATTCAAGCGTTATCCGGATTTATTGGGTTTAAAGGGTGCGTAGGCGGTTGGATAAGTTAGAGGTGAAATCCCGGGGCTCAACTCCGGAATTGCCTCTGATACTGTTCGGCTAGAGATCAGTTGCGGTAGGCGGAATGTATGG","TACGGAGGATTCAAGCGTTATCCGGATTTATTGGGTTTAAAGGGTGCGTAGGCGGTTGGATAAGTTAGAGGTGAAATCCCGGGGCTCAACTCCGGAATTGCCTCTGATACTGTTCGGCTAGAGATCAGTTGCGGTAGGCGGAATGTATGG",1,"Top","d__Bacteria; p__Bacteroidota; c__Bacteroidia; o__Bacteroidales; f__Rikenellaceae; g__Alistipes_A_871400; s__",1,"ASV5"
"TACGGGGGATGCGAGCGTTATCCGGATTTATTGGGTTTAAAGGGTGCGTAGGCGGCGCTTCAGGTCAGCGGTGAAATACCGGGGCTCAACCCCGGGGCTGCCGTTGAAACCGGAGCGCTAGAATTCCGATGCCGTCGGAGGAATGTGTGG","TACGGGGGATGCGAGCGTTATCCGGATTTATTGGGTTTAAAGGGTGCGTAGGCGGCGCTTCAGGTCAGCGGTGAAATACCGGGGCTCAACCCCGGGGCTGCCGTTGAAACCGGAGCGCTAGAATTCCGATGCCGTCGGAGGAATGTGTGG",1,"Top","d__Bacteria; p__Bacteroidota; c__Bacteroidia; o__Bacteroidales; f__UBA932; g__Cryptobacteroides; s__",1,"ASV6"
"TACGGAGGATGCGAGCGTTATCCGGATTTATTGGGTTTAAAGGGTGCGCAGGCGGTCTGTTAAGTCAGCGGTCAAAGCCCGGGGCTCAACCCCGGCCCGCCGTTGAAACTGGCAGTCTCGAGTTGGAGAGAAGTATGCGGAATGCGCGGT","TACGGAGGATGCGAGCGTTATCCGGATTTATTGGGTTTAAAGGGTGCGCAGGCGGTCTGTTAAGTCAGCGGTCAAAGCCCGGGGCTCAACCCCGGCCCGCCGTTGAAACTGGCAGTCTCGAGTTGGAGAGAAGTATGCGGAATGCGCGGT",1,"Bottom","d__Bacteria; p__Bacteroidota; c__Bacteroidia; o__Bacteroidales; f__Muribaculaceae; g__CAG-485; s__CAG-485 sp002493045",1,"ASV7"
"TACGGAGGATGCGAGCGTTATCCGGATTTATTGGGTTTAAAGGGTGCGTAGGCGGAGTGTCAAGTCAGCGGTAAAATTTCGGGGCTCAACCCCGTCGTGCCGTTGAAACTGACGCCCTTGAGTGAGTGAGAAGTAAGCGGAATGCGTGGT","TACGGAGGATGCGAGCGTTATCCGGATTTATTGGGTTTAAAGGGTGCGTAGGCGGAGTGTCAAGTCAGCGGTAAAATTTCGGGGCTCAACCCCGTCGTGCCGTTGAAACTGACGCCCTTGAGTGAGTGAGAAGTAAGCGGAATGCGTGGT",1,"Bottom","d__Bacteria; p__Bacteroidota; c__Bacteroidia; o__Bacteroidales; f__Muribaculaceae; g__UBA7173; s__UBA7173 sp002491305",1,"ASV8"
"TACGGAGGATGCGAGCGTTATCCGGATTTATTGGGTTTAAAGGGTGCGTAGGCGGATCGTTAAGTCAGTGGTCAAATTGAGGGGCTCAACCCCTTCCCGCCATTGAAACTGGCGATCTTGAGTGGAAGAGAAGTATGCGGAATGCGTGGT","TACGGAGGATGCGAGCGTTATCCGGATTTATTGGGTTTAAAGGGTGCGTAGGCGGATCGTTAAGTCAGTGGTCAAATTGAGGGGCTCAACCCCTTCCCGCCATTGAAACTGGCGATCTTGAGTGGAAGAGAAGTATGCGGAATGCGTGGT",1,"Bottom","d__Bacteria; p__Bacteroidota; c__Bacteroidia; o__Bacteroidales; f__Muribaculaceae; g__Duncaniella; s__",1,"ASV9"
"TACGGAGGATGCGAGCGTTATCCGGATTTATTGGGTTTAAAGGGTGCGTAGGCGGTTCGTTAAGTCAGCGGTAAAATTGCGGGGCTCAACCCCGTCGAGCCGTTGAAACTGGCAGACTTGAGTTGGCGAGAAGTACGCGGAATGCGCGGT","TACGGAGGATGCGAGCGTTATCCGGATTTATTGGGTTTAAAGGGTGCGTAGGCGGTTCGTTAAGTCAGCGGTAAAATTGCGGGGCTCAACCCCGTCGAGCCGTTGAAACTGGCAGACTTGAGTTGGCGAGAAGTACGCGGAATGCGCGGT",1,"Bottom","d__Bacteria; p__Bacteroidota; c__Bacteroidia; o__Bacteroidales; f__Muribaculaceae; g__CAG-485; s__CAG-485 sp002362485",1,"ASV10"
"TACGGAGGATTCAAGCGTTATCCGGATTTATTGGGTTTAAAGGGTGCGTAGGCGGTTCGATAAGTTAGAGGTGAAATCCCGGGGCTCAACTCCGGCACTGCCTCTGATACTGTCGGGCTAGAGTTTAGTTGCGGTAGGCGGAATGTATGG","TACGGAGGATTCAAGCGTTATCCGGATTTATTGGGTTTAAAGGGTGCGTAGGCGGTTCGATAAGTTAGAGGTGAAATCCCGGGGCTCAACTCCGGCACTGCCTCTGATACTGTCGGGCTAGAGTTTAGTTGCGGTAGGCGGAATGTATGG",1,"Bottom","d__Bacteria; p__Bacteroidota; c__Bacteroidia; o__Bacteroidales; f__Rikenellaceae; g__Alistipes_A_871400; s__",1,"ASV11"
"TACGTAGGGGGCAAGCGTTATCCGGATTTACTGGGTGTAAAGGGAGCGTAGACGGCGACGCAAGTCTGAAGTGAAATGCCAGTGCTCAACACTGGAACTGCTTTGGAAACTGTGTGGCTAGAGTGCAGGAGAGGTAAGTGGAATTCCTAG","TACGTAGGGGGCAAGCGTTATCCGGATTTACTGGGTGTAAAGGGAGCGTAGACGGCGACGCAAGTCTGAAGTGAAATGCCAGTGCTCAACACTGGAACTGCTTTGGAAACTGTGTGGCTAGAGTGCAGGAGAGGTAAGTGGAATTCCTAG",1,"Bottom","d__Bacteria; p__Firmicutes_A; c__Clostridia_258483; o__Lachnospirales; f__Lachnospiraceae; g__Acetatifactor; s__Acetatifactor sp011959105",1,"ASV12"
"TACGGAGGATGCGAGCGTTATCCGGATTTATTGGGTTTAAAGGGTGCGCAGGCGGAAGATCAAGTCAGCGGTAAAATTGAGGGGCTCAACCTCTTCGAGCCGTTGAAACTGGTTTTCTTGAGTGAGCGAGAAGTATGCGGAATGCGTGGT","TACGGAGGATGCGAGCGTTATCCGGATTTATTGGGTTTAAAGGGTGCGCAGGCGGAAGATCAAGTCAGCGGTAAAATTGAGGGGCTCAACCTCTTCGAGCCGTTGAAACTGGTTTTCTTGAGTGAGCGAGAAGTATGCGGAATGCGTGGT",2,"Top","d__Bacteria; p__Bacteroidota; c__Bacteroidia; o__Bacteroidales; f__Muribaculaceae; g__Duncaniella; s__Duncaniella muris",1,"ASV13"
"TACGGAGGATGCGAGCGTTATCCGGATTTATTGGGTTTAAAGGGTGCGTAGGCGGAATGCCAAGTCAGCGGTAAAATCGCGGGGCTCAACCTCGCTCCGCCGTTGAAACTGGCGTTCTTGAGTGGGCGAGAAGTATGCGGAATGCGTGGT","TACGGAGGATGCGAGCGTTATCCGGATTTATTGGGTTTAAAGGGTGCGTAGGCGGAATGCCAAGTCAGCGGTAAAATCGCGGGGCTCAACCTCGCTCCGCCGTTGAAACTGGCGTTCTTGAGTGGGCGAGAAGTATGCGGAATGCGTGGT",2,"Top","d__Bacteria; p__Bacteroidota; c__Bacteroidia; o__Bacteroidales; f__Muribaculaceae; g__Muribaculum; s__Muribaculum gordoncarteri",1,"ASV14"
"TACGTAGGAGGCAAGCGTTATCCGGAATGACTGGGCGTAAAGGGTGCGTAGGTGGTTTGACAAGTTGGTAGCGTAACTCCGGGGCTCAACCTCGGCACTACTACCAAAACTGTCGGACTTGAGTGCAGGAGGGGCAAATGGAATTCCTAG","TACGTAGGAGGCAAGCGTTATCCGGAATGACTGGGCGTAAAGGGTGCGTAGGTGGTTTGACAAGTTGGTAGCGTAACTCCGGGGCTCAACCTCGGCACTACTACCAAAACTGTCGGACTTGAGTGCAGGAGGGGCAAATGGAATTCCTAG",2,"Top","d__Bacteria; p__Firmicutes_A; c__Clostridia_258483; o__Christensenellales; f__Borkfalkiaceae; g__Borkfalkia; s__",1,"ASV15"
"TACGTAGGGGGCAAGCGTTATCCGGAATTACTGGGTGTAAAGGGAGCGTAGACGGTGATGTAAGTCTGGAGTGAAAGGCGGGGGCCCAACCCCCGGACTGCTCTGGAAACTATGTGACTGGAGTGCAGGAGAGGTGAGCGGAATTCCTAG","TACGTAGGGGGCAAGCGTTATCCGGAATTACTGGGTGTAAAGGGAGCGTAGACGGTGATGTAAGTCTGGAGTGAAAGGCGGGGGCCCAACCCCCGGACTGCTCTGGAAACTATGTGACTGGAGTGCAGGAGAGGTGAGCGGAATTCCTAG",2,"Top","d__Bacteria; p__Firmicutes_A; c__Clostridia_258483; o__Lachnospirales; f__Lachnospiraceae; g__UBA3282; s__UBA3282 sp003611805",1,"ASV16"
"TACGTAGGGGGCAAGCGTTATCCGGATTTACTGGGTGTAAAGGGAGCGTAGACGGCCAGACAAGTCTGAAGTGAAAATCCAGCGCTTAACGTTGGAAGTGCTTTGGAAACTGCCGGGCTAGAGTGCAGGAGGGGCAGGCGGAATTCCTAG","TACGTAGGGGGCAAGCGTTATCCGGATTTACTGGGTGTAAAGGGAGCGTAGACGGCCAGACAAGTCTGAAGTGAAAATCCAGCGCTTAACGTTGGAAGTGCTTTGGAAACTGCCGGGCTAGAGTGCAGGAGGGGCAGGCGGAATTCCTAG",2,"Top","d__Bacteria; p__Firmicutes_A; c__Clostridia_258483; o__Lachnospirales; f__Lachnospiraceae; g__Acetatifactor; s__Acetatifactor sp011959105",1,"ASV17"
"TACGTAGGGGGCAAGCGTTATCCGGATTTACTGGGTGTAAAGGGAGCGTAGGTGGCAGGGCAAGTCAGATGTGAAAACCCGGGGCTCAACCCCGGGAGTGCATTTGAAACTGTCCAGCTGGAGTGCAGGAGAGGTAAGCGGAATTCCTAG","TACGTAGGGGGCAAGCGTTATCCGGATTTACTGGGTGTAAAGGGAGCGTAGGTGGCAGGGCAAGTCAGATGTGAAAACCCGGGGCTCAACCCCGGGAGTGCATTTGAAACTGTCCAGCTGGAGTGCAGGAGAGGTAAGCGGAATTCCTAG",2,"Top","d__Bacteria; p__Firmicutes_A; c__Clostridia_258483; o__Lachnospirales; f__Lachnospiraceae; g__Eubacterium_F; s__Eubacterium_F sp000687695",1,"ASV18"
"TACGGAGGATCCAAGCGTTATCCGGATTTATTGGGTTTAAAGGGTGCGTAGGCGGATTGATAAGTTAGAGGTGAAATGTCCGAGCTCAACTCGGGAACTGCCTCTAATACTGTTGATCTAGAGAGTAGATGCGGTAGGCGGAATGTATGG","TACGGAGGATCCAAGCGTTATCCGGATTTATTGGGTTTAAAGGGTGCGTAGGCGGATTGATAAGTTAGAGGTGAAATGTCCGAGCTCAACTCGGGAACTGCCTCTAATACTGTTGATCTAGAGAGTAGATGCGGTAGGCGGAATGTATGG",2,"Bottom","d__Bacteria; p__Bacteroidota; c__Bacteroidia; o__Bacteroidales; f__Rikenellaceae; g__Alistipes_A_871400; s__Alistipes_A_871400 sp002362235",1,"ASV19"
"TACGGAGGATCCAAGCGTTATCCGGATTTATTGGGTTTAAAGGGTGCGTAGGCGGTTTTATAAGTTAGAGGTGAAATCTCGGGGCTCAACTCCGAAATTGCCTCTAATACTGTAGGACTAGAGAGTAGTTGCGGTAGGCGGAATGTATGG","TACGGAGGATCCAAGCGTTATCCGGATTTATTGGGTTTAAAGGGTGCGTAGGCGGTTTTATAAGTTAGAGGTGAAATCTCGGGGCTCAACTCCGAAATTGCCTCTAATACTGTAGGACTAGAGAGTAGTTGCGGTAGGCGGAATGTATGG",2,"Bottom","d__Bacteria; p__Bacteroidota; c__Bacteroidia; o__Bacteroidales; f__Rikenellaceae; g__Alistipes_A_871400; s__",1,"ASV20"
"TACGGAGGGTGCGAGCGTTAATCGGAATCACTGGGCGTAAAGCGCGCGTAGGCGGCTTTTCAAGTCAGGGGTGAAATCCCACGGCCCAACCGTGGAACTGCCTTTGAAACTGTAGAGCTTGAGTGTCGGAGAGGGTGGCGGAATTCCAGG","TACGGAGGGTGCGAGCGTTAATCGGAATCACTGGGCGTAAAGCGCGCGTAGGCGGCTTTTCAAGTCAGGGGTGAAATCCCACGGCCCAACCGTGGAACTGCCTTTGAAACTGTAGAGCTTGAGTGTCGGAGAGGGTGGCGGAATTCCAGG",2,"Bottom","d__Bacteria; p__Desulfobacterota_I; c__Desulfovibrionia; o__Desulfovibrionales; f__Desulfovibrionaceae; g__; s__",1,"ASV21"
"TACGGGGGATGCAAGCGTTATCCGGATTTATTGGGTTTAAAGGGTGCGTAGGCTGTGAGGTAAGTCAGCGGTGAAATGCCCCCGCTCAACGGGGTGAAGTGCCATTGATACTGCCTTGCTGGAATGCGGATGCCGTGGGAGGAATGTGTG","TACGGGGGATGCAAGCGTTATCCGGATTTATTGGGTTTAAAGGGTGCGTAGGCTGTGAGGTAAGTCAGCGGTGAAATGCCCCCGCTCAACGGGGTGAAGTGCCATTGATACTGCCTTGCTGGAATGCGGATGCCGTGGGAGGAATGTGTG",2,"Bottom","d__Bacteria; p__Bacteroidota; c__Bacteroidia; o__Bacteroidales; f__UBA932; g__Cryptobacteroides; s__",1,"ASV22"
"TACGTAGGGGGCAAGCGTTATCCGGATTTACTGGGTGTAAAGGGAGCGTAGACGGATGGATAAGTCTGAAGTGAAAGCCCGCGGCTCAACTGCGGGACTGCTTTGGAAACTGTGCATCTTGAGTACGGGAGGGGCAGGCGGAATTCCTGG","TACGTAGGGGGCAAGCGTTATCCGGATTTACTGGGTGTAAAGGGAGCGTAGACGGATGGATAAGTCTGAAGTGAAAGCCCGCGGCTCAACTGCGGGACTGCTTTGGAAACTGTGCATCTTGAGTACGGGAGGGGCAGGCGGAATTCCTGG",2,"Bottom","d__Bacteria; p__Firmicutes_A; c__Clostridia_258483; o__Lachnospirales; f__Lachnospiraceae; g__1XD8-76; s__1XD8-76 sp003611955",1,"ASV23"
"TACGTAGGGGGCAAGCGTTATCCGGATTTACTGGGTGTAAAGGGAGCGTAGACGGCGACGCAAGTCTGAAGTGAAATGCCAGTGCTCAACACTGGAACTGCTTTGGAAACTGTGTAGCTAGAGTGCAGGAGAGGTAAGTGGAATTCCTAG","TACGTAGGGGGCAAGCGTTATCCGGATTTACTGGGTGTAAAGGGAGCGTAGACGGCGACGCAAGTCTGAAGTGAAATGCCAGTGCTCAACACTGGAACTGCTTTGGAAACTGTGTAGCTAGAGTGCAGGAGAGGTAAGTGGAATTCCTAG",2,"Bottom","d__Bacteria; p__Firmicutes_A; c__Clostridia_258483; o__Lachnospirales; f__Lachnospiraceae; g__Acetatifactor; s__Acetatifactor sp011959105",1,"ASV24"
"TACGGAGGATCCAAGCGTTATCCGGATTTATTGGGTTTAAAGGGTGCGTAGGCGGATTGATAAGTTAGAGGTGAAATGTCCGAGCTTAACTCGGGAACTGCCTCTAATACTGTTGATCTAGAGAGTAGATGCGGTAGGCGGAATGTATGG","TACGGAGGATCCAAGCGTTATCCGGATTTATTGGGTTTAAAGGGTGCGTAGGCGGATTGATAAGTTAGAGGTGAAATGTCCGAGCTTAACTCGGGAACTGCCTCTAATACTGTTGATCTAGAGAGTAGATGCGGTAGGCGGAATGTATGG",3,"Top","d__Bacteria; p__Bacteroidota; c__Bacteroidia; o__Bacteroidales; f__Rikenellaceae; g__Alistipes_A_871400; s__Alistipes_A_871400 sp002362235",1,"ASV25"
"TACGGAGGATGCGAGCGTTATCCGGATTTATTGGGTTTAAAGGGTGCGCAGGCGGAAGATCAAGTCAGCGGTAAAATTGAGGGGCTCAACCTCTTCGAGCCGTTGAAACTGGTTTTCTTGAGTGAGCGAGAAGTATGCGGAATGCGTGGT.1","TACGGAGGATGCGAGCGTTATCCGGATTTATTGGGTTTAAAGGGTGCGCAGGCGGAAGATCAAGTCAGCGGTAAAATTGAGGGGCTCAACCTCTTCGAGCCGTTGAAACTGGTTTTCTTGAGTGAGCGAGAAGTATGCGGAATGCGTGGT",3,"Top","d__Bacteria; p__Bacteroidota; c__Bacteroidia; o__Bacteroidales; f__Muribaculaceae; g__Duncaniella; s__Duncaniella muris",1,"ASV26"
"TACGGAGGATGCGAGCGTTATCCGGATTTATTGGGTTTAAAGGGTGCGTAGGCGGAATGGAAAGTCAGCGGTAAAATTTCCGGGCTCAACCCGGTCGTGCCGTTGAAACTGTCGTTCTTGAGTGAGCGAGAAGTATGCGGAATGCGTGGT","TACGGAGGATGCGAGCGTTATCCGGATTTATTGGGTTTAAAGGGTGCGTAGGCGGAATGGAAAGTCAGCGGTAAAATTTCCGGGCTCAACCCGGTCGTGCCGTTGAAACTGTCGTTCTTGAGTGAGCGAGAAGTATGCGGAATGCGTGGT",3,"Top","d__Bacteria; p__Bacteroidota; c__Bacteroidia; o__Bacteroidales; f__Muribaculaceae; g__Duncaniella; s__",1,"ASV27"
"TACGGAGGATGCGAGCGTTATCCGGATTTATTGGGTTTAAAGGGTGCGTAGGCGGTATGGTAAGTCAGCGGTAAAAGCCCGGGGCTCAACCCCGGCGAGCCGTTGAAACTGCCGTGCTAGAGAGGAAGAGAAGTAGGCGGAATGCGCAGT","TACGGAGGATGCGAGCGTTATCCGGATTTATTGGGTTTAAAGGGTGCGTAGGCGGTATGGTAAGTCAGCGGTAAAAGCCCGGGGCTCAACCCCGGCGAGCCGTTGAAACTGCCGTGCTAGAGAGGAAGAGAAGTAGGCGGAATGCGCAGT",3,"Top","d__Bacteria; p__Bacteroidota; c__Bacteroidia; o__Bacteroidales; f__Muribaculaceae; g__CAG-485; s__CAG-485 sp002362485",1,"ASV28"
"TACGTAGGAGGCAAGCGTTATCCGGAATGACTGGGCGTAAAGGGTGCGTAGGTGGTTTGACAAGTTGGTAGCGTAACTCCGGGGCTCAACCTCGGCACTACTACCAAAACTGTCGGACTTGAGTGCAGGAGGGGCAAATGGAATTCCTAG.1","TACGTAGGAGGCAAGCGTTATCCGGAATGACTGGGCGTAAAGGGTGCGTAGGTGGTTTGACAAGTTGGTAGCGTAACTCCGGGGCTCAACCTCGGCACTACTACCAAAACTGTCGGACTTGAGTGCAGGAGGGGCAAATGGAATTCCTAG",3,"Top","d__Bacteria; p__Firmicutes_A; c__Clostridia_258483; o__Christensenellales; f__Borkfalkiaceae; g__Borkfalkia; s__",1,"ASV29"
"TACGTAGGGAGCGAGCGTTGTCCGGATTTACTGGGTGTAAAGGGTGCGTAGGCGGCTTGGCAAGTCAGTAGTGAAATCCATGGGCTTAACCCATGAACTGCTATTGAAACTGTCGAGCTTGAGTGAAGTAGAGGTAGGCGGAATTCCCGG","TACGTAGGGAGCGAGCGTTGTCCGGATTTACTGGGTGTAAAGGGTGCGTAGGCGGCTTGGCAAGTCAGTAGTGAAATCCATGGGCTTAACCCATGAACTGCTATTGAAACTGTCGAGCTTGAGTGAAGTAGAGGTAGGCGGAATTCCCGG",3,"Top","d__Bacteria; p__Firmicutes_A; c__Clostridia_258483; o__Oscillospirales; f__Acutalibacteraceae; g__Acutalibacter; s__Acutalibacter muris",1,"ASV30"
"TACGGAGGATCCAAGCGTTATCCGGATTTATTGGGTTTAAAGGGTGCGTAGGCGGATTGATAAGTTAGAGGTGAAATGTCCGAGCTCAACTCGGGAACTGCCTCTAATACTGTTGATCTAGAGAGTAGATGCGGTAGGCGGAATGTATGG.1","TACGGAGGATCCAAGCGTTATCCGGATTTATTGGGTTTAAAGGGTGCGTAGGCGGATTGATAAGTTAGAGGTGAAATGTCCGAGCTCAACTCGGGAACTGCCTCTAATACTGTTGATCTAGAGAGTAGATGCGGTAGGCGGAATGTATGG",3,"Bottom","d__Bacteria; p__Bacteroidota; c__Bacteroidia; o__Bacteroidales; f__Rikenellaceae; g__Alistipes_A_871400; s__Alistipes_A_871400 sp002362235",1,"ASV31"
"TACGGAGGATCCGAGCGTTATCCGGATTCATTGGGTTTAAAGGGTGCGTAGGTTGTTTTATAAGTTAGCGGTGAAATACCGATGCTCAACATCGGGGCTGCCGCTGATACTGTAGGACTAGAGATCGGATGCAGCAGGCGGAATGTGTAG.1","TACGGAGGATCCGAGCGTTATCCGGATTCATTGGGTTTAAAGGGTGCGTAGGTTGTTTTATAAGTTAGCGGTGAAATACCGATGCTCAACATCGGGGCTGCCGCTGATACTGTAGGACTAGAGATCGGATGCAGCAGGCGGAATGTGTAG",3,"Bottom","d__Bacteria; p__Bacteroidota; c__Bacteroidia; o__Bacteroidales; f__Rikenellaceae; g__; s__",1,"ASV32"
"TACGGAGGATCCGAGCGTTATCCGGATTTATTGGGTTTAAAGGGAGCGTAGATGGATGTTTAAGTCAGTTGTGAAAGTTTGCGGCTCAACCGTAAAATTGCAGTTGATACTGGATATCTTGAGTGCAGTTGAGGCAGGCGGAATTCGTGG","TACGGAGGATCCGAGCGTTATCCGGATTTATTGGGTTTAAAGGGAGCGTAGATGGATGTTTAAGTCAGTTGTGAAAGTTTGCGGCTCAACCGTAAAATTGCAGTTGATACTGGATATCTTGAGTGCAGTTGAGGCAGGCGGAATTCGTGG",3,"Bottom","d__Bacteria; p__Bacteroidota; c__Bacteroidia; o__Bacteroidales; f__Bacteroidaceae; g__Phocaeicola_A_858004; s__Phocaeicola_A_858004 vulgatus",1,"ASV33"
"TACGGAGGATGCGAGCGTTATCCGGATTTATTGGGTTTAAAGGGTGCGTAGGCGGTTCGTTAAGTCAGCGGTAAAATTGCGGGGCTCAACCCCGTCGAGCCGTTGAAACTGGCAGACTTGAGTTGGCGAGAAGTACGCGGAATGCGCGGT.1","TACGGAGGATGCGAGCGTTATCCGGATTTATTGGGTTTAAAGGGTGCGTAGGCGGTTCGTTAAGTCAGCGGTAAAATTGCGGGGCTCAACCCCGTCGAGCCGTTGAAACTGGCAGACTTGAGTTGGCGAGAAGTACGCGGAATGCGCGGT",3,"Bottom","d__Bacteria; p__Bacteroidota; c__Bacteroidia; o__Bacteroidales; f__Muribaculaceae; g__CAG-485; s__CAG-485 sp002362485",1,"ASV34"
"TACGTAGGGGGCAAGCGTTATCCGGATTTACTGGGTGTAAAGGGAGCGTAGACGGCGATGCAAGTCTGAAGTGAAAGGCGGGGGCCCAACCCCCGGACTGCTTTGGAAACTGTATAGCTGGAGTGCAGGAGAGGTAAGTGGAATTCCTAG","TACGTAGGGGGCAAGCGTTATCCGGATTTACTGGGTGTAAAGGGAGCGTAGACGGCGATGCAAGTCTGAAGTGAAAGGCGGGGGCCCAACCCCCGGACTGCTTTGGAAACTGTATAGCTGGAGTGCAGGAGAGGTAAGTGGAATTCCTAG",3,"Bottom","d__Bacteria; p__Firmicutes_A; c__Clostridia_258483; o__Lachnospirales; f__Lachnospiraceae; g__UBA3282; s__UBA3282 sp003611805",1,"ASV35"
"TACGTAGGGGGCGAGCGTTATCCGGATTTACTGGGTGTAAAGGGAGCGTAGACGGTTCTGCAAGTCTGAAGTGAAAGCCCGTGGCTTAACCGCGGAACGGCTTTGGAAACTGTGGAACTGGAGTGCTGGAGAGGCAAGCGGAATTCCTAG","TACGTAGGGGGCGAGCGTTATCCGGATTTACTGGGTGTAAAGGGAGCGTAGACGGTTCTGCAAGTCTGAAGTGAAAGCCCGTGGCTTAACCGCGGAACGGCTTTGGAAACTGTGGAACTGGAGTGCTGGAGAGGCAAGCGGAATTCCTAG",3,"Bottom","d__Bacteria; p__Firmicutes_A; c__Clostridia_258483; o__Lachnospirales; f__Lachnospiraceae; g__Ventrimonas; s__Ventrimonas sp003611875",1,"ASV36"
