"","Kingdom","Phylum","Class","Order","Family","Genus","monoSpecies","multSpecies","lactSpecies","asvNum","asvLab","Count","loading_PC1"
"GCAAGCGTTGTCCGGATTTATTGGGCGTAAAGCGAGCGCAGGCGGAAGAATAAGTCTGATGTGAAAGCCCTCGGCTTAACCGAGGAACTGCATCGGAAACTGTTTTTCTTGAGTGCAGAAGAGGAGAGTGGAACTCCATGTGTAGCGGTGGAATGCGTAGATATATGGAAGAACACCAGTGGCGAAGGCGGCTCTCTGGTCTGCAACTGACGCTGAGGCTCGAAAGCATGGGTAG","Bacteria","Firmicutes","Bacilli","Lactobacillales","Lactobacillaceae","Lactobacillus",NA,"acidophilus/casei/crispatus/gallinarum/helveticus/kitasatonis","acidophilus/crispatus/gallinarum","asv2","asv2 Lactobacillus crispatus","144886893",0.211978286362577
"GCAAGCGTTGTCCGGATTTATTGGGCGTAAAGCGAGTGCAGGCGGTTCAATAAGTCTGATGTGAAAGCCTTCGGCTCAACCGGAGAATTGCATCAGAAACTGTTGAACTTGAGTGCAGAAGAGGAGAGTGGAACTCCATGTGTAGCGGTGGAATGCGTAGATATATGGAAGAACACCAGTGGCGAAGGCGGCTCTCTGGTCTGCAACTGACGCTGAGGCTCGAAAGCATGGGTAG","Bacteria","Firmicutes","Bacilli","Lactobacillales","Lactobacillaceae","Lactobacillus",NA,"crispatus/gasseri/helveticus/hominis/iatae/johnsonii/kefiranofaciens/prophage/taiwanensis","gasseri/hominis/johnsonii/taiwanensis","asv3","asv3 Lactobacillus gasseri"," 51647164",0.210785814207282
"GCAAGCGTTGTCCGGAATTATTGGGCGTAAAGGGCGCGCAGGCGGTTCGGTAAGTCTGTCTTAAAAGTGCGGGGCTTAACCCCGTGAGGGGACGGAAACTGTCGAACTTGAGTGTCGGAGAGGAAAGCGGAATTCCTAGTGTAGCGGTGAAATGCGTAGATATTAGGAGGAACACCGGTGGCGAAAGCGGCTTTCTGGACGACAACTGACGCTGAGGCGCGAAAGCGTGGGGAGC","Bacteria","Firmicutes","Negativicutes","Selenomonadales","Veillonellaceae","Megasphaera",NA,NA,NA,"asv9","asv9 Megasphaera lornae"," 14062876",-0.273727478945376
"GCAAGCGTTATCCGGAATTATTGGGCGTAAAGAGCTTGTAGGCGGTTCGTCGCGTCTGGTGTGAAAGCCCATCGCTTAACGGTGGGTTTGCGCCGGGTACGGGCGGGCTAGAGTGCAGTAGGGGAGACTGGAATTCTCGGTGTAACGGTGGAATGTGTAGATATCGGGAAGAACACCAATGGCGAAGGCAGGTCTCTGGGCTGTTACTGACGCTGAGAAGCGAAAGCGTGGGGAG","Bacteria","Actinobacteria","Actinobacteria","Bifidobacteriales","Bifidobacteriaceae","Gardnerella","vaginalis","vaginalis",NA,"asv6","asv6 Gardnerella vaginalis (G2)"," 15469825",-0.161416602871873
"GCAAGCGTTATCCGGAATTATTGGGCGTAAAGAGCTTGTAGGCGGTTCGTCGCGTCTGGTGTGAAAGCCCATCGCTTAACGGTGGGTTTGCGCCGGGTACGGGCGGGCTAGAGTGCAGTAGGGGAGACTGGAATTCCCGGTGTAACGGTGGAATGTGTAGATATCGGGAAGAACACCAATGGCGAAGGCAGGTCTCTGGGCTGTTACTGACGCTGAGAAGCGAAAGCGTGGGGAG","Bacteria","Actinobacteria","Actinobacteria","Bifidobacteriales","Bifidobacteriaceae","Gardnerella","vaginalis","vaginalis",NA,"asv19","asv19 Gardnerella piotii (G3)","  4336844",-0.228264454932041
"GCAAGCGTTATCCGGAATTATTGGGCGTAAAGAGCTTGTAGGCGGTTCGTCGCGTCTGGTGTGAAAGCCCATCGCTTAACGGTGGGTCTGCGCCGGGTACGGGCGGGCTAGAGTGCAGTAGGGGAGACTGGAATTCCCGGTGTAACGGTGGAATGTGTAGATATCGGGAAGAACACCAATGGCGAAGGCAGGTCTCTGGGCTGTTACTGACGCTGAGAAGCGAAAGCGTGGGGAG","Bacteria","Actinobacteria","Actinobacteria","Bifidobacteriales","Bifidobacteriaceae","Gardnerella","vaginalis","vaginalis",NA,"asv5","asv5 Gardnerella leopoldii/swidsinskii (G1)"," 17199447",-0.225081766266221
"GCAAGCGTTATCCGGATTCATTGGGCGTAAAGCGCGCGTAGGCGGTCTGTTAGGTCAGGAGTTAAATCTGGGGGCTCAACCCCTATCCGCTCCTGATACCGGCAGGCTTGAGTCTGGTAGGGGAAGATGGAATTCCAAGTGTAGCGGTGAAATGCGCAGATATTTGGAAGAACACCGGTGGCGAAGGCGGTCTTCTGGGCCATGACTGACGCTGAGGCGCGAAAGCTAGGGGAGC","Bacteria","Actinobacteria","Coriobacteriia","Coriobacteriales","Atopobiaceae","Atopobium","vaginae","vaginae",NA,"asv13","asv13 Atopobium vaginae","  6792536",-0.15230217839423
"GCGAGCGTTATCCGGATTCATTGGGCGTAAAGCGCGCGCAGGCGGTTGCTCAAGCGGAACCTCTAATCTCGGGGCTTAACCTCGAGCCGGGTTCCGAACTGGACGACTCGAGTGCGGTAGAGGCAGATGGAATTCCCGGTGTAGCGGTGGAATGCGCAGATATCGGGAAGAACACCAACGGCGAAGGCAGTCTGCTGGGCCGTCACTGACGCTGAGGCGCGAAAGCTGGGGGAGC","Bacteria","Actinobacteria","Coriobacteriia","Coriobacteriales","Eggerthellaceae","DNF00809",NA,NA,NA,"asv83","asv83 Coriobacteriales KP192306","   491928",-0.168261248939039
"GCAAGCGTTATCCGGATTTACTGGGTGTAAAGGGAGTGTAGGCGGCACTATAAGTCTGATGTGAAAACCTAAGGCTTAACCATAGGATTGCATTGGAAACTGTAGAGCTGGAGTATCGGAGAGGCAAGCGGAATTCCTGGTGTAGTGGTGAAATACGTAGATATCAGGAAGAACATCGGTGGCGAAGGCGGCTTGCTGGACGATAACTGACGCTAAGGCTCGAAAGCGTGGGAAG","Bacteria","Firmicutes","Clostridia","Clostridiales","Lachnospiraceae","Shuttleworthia",NA,NA,NA,"asv12","asv12 Ca. Lachnocurva vaginae (BVAB1)","  7624591",-0.186290138598813
"CCGGGCGTTATCCGGATTTATTGGGTTTAAAGGGAGCGCAGGCCGCCCGATAAGCGTGTTGTGAAATGTACCGGCTCAACCGGTGAGTTGCAGCGCGAACTGTCAGGCTTGAGTGCACGGTAAGCAGGCGGAATTCATGGTGTAGCGGTGAAATGCTTAGATATCATGAGGAACTCCGATTGCGAAGGCAGCTTGCTGCAGTGCGACTGACGCTTAGGCTCGAAGGTGCGGGTAT","Bacteria","Bacteroidetes","Bacteroidia","Bacteroidales","Prevotellaceae","Prevotella",NA,NA,NA,"asv18","asv18 Prevotella AY738679","  4622531",-0.168745345275411
"GCGAGCGTTATCCGGAATTATTGGGCTTAAAGGGCATCTAGGCGGTAAGACAAGTTGAAGGTGAAAACCTGTGGCTCAACCATAGGCTTGCCTACAAAACTGTTGAACTAGAGTACTGGAAAGGTGGGTGGAACTACACGAGTAGAGGTGAAATTCGTAGATATGTGTAGGAATGCCGATGATGAAGATAACTCACTGGACAGAAACTGACGCTGAAGTGCGAAAGCTAGGGGAG","Bacteria","Fusobacteria","Fusobacteriia","Fusobacteriales","Leptotrichiaceae","Sneathia",NA,"amnii/sanguinegens",NA,"asv23","asv23 Sneathia amnii","  3260610",-0.191012353973126
"GCGAGCGTTATCCGGAATTATTGGGCTTAAAGGGCATCTAGGCGGTTAAACAAGTTGAAGGTGAAAACCTGTGGCTCAACCATAGGCTTGCCTACAAAACTGTATAACTAGAGTACTGGAAAGGTGGGTGGAACTACACGAGTAGAGGTGAAATTCGTAGATATGTGTAGGAATGCCGATGATGAAGATAACTCACTGGACAGCAACTGACGCTGAAGTGCGAAAGCTAGGGGAG","Bacteria","Fusobacteria","Fusobacteriia","Fusobacteriales","Leptotrichiaceae","Sneathia","sanguinegens","sanguinegens",NA,"asv34","asv34 Sneathia sanguinegens","  1695959",-0.173415543589185
