"","Kingdom","Phylum","Class","Order","Family","Genus","monoSpecies","multSpecies","lactSpecies","asvNum","asvLab","Count","loading_PC"
"CCGAGCGTTGTCCGGAATCATTGGGCGTAAAGGGTACGTAGGCGGCCTAGTAAGTTAGAAGTTAAAGAATATAGCTCAACTATATAAAGCTTTTAAAACTGCTAGGCTTGAGAGATGGAAGGGAAAGTGGAATTCCTAGTGTAGCGGTGAAATGCGCAGATATTAGGAAGAATACCGGTGGCGAAGGCGACTTTCTGGTCATCATCTGACGCTGAGGTACGAAAGCGTGGGTAGC","Bacteria","Firmicutes","Clostridia","Clostridiales","Family_XI","Anaerococcus","hydrogenalis","hydrogenalis",NA,"asv29","asv29 Anaerococcus hydrogenalis","  2094649",0.106685155037571
"GCGAGCGTTGTCCGGAATTATTGGGCGTAAAGGGTACGCAGGCGGTTTAATAAGTCGAATGTTAAAGATCGGGGCTCAACCCCGTAAAGCATTGGAAACTGATAAACTTGAGTAGTGGAGAGGAAAGTGGAATTCCTAGTGTAGTGGTGAAATACGTAGATATTAGGAGGAATACCAGTAGCGAAGGCGACTTTCTGGACACAAACTGACGCTGAGGTACGAAAGCGTGGGGAGC","Bacteria","Firmicutes","Clostridia","Clostridiales","Family_XI","Finegoldia","magna","magna",NA,"asv10","asv10 Finegoldia magna","  9798726",0.100240426193796
"CCGAGCGTTGTCCGGATTTATTGGGCGTAAAGCGAGCGCAGGCGGTTAGAAAAGTCTGAAGTGAAAGGCAGTGGCTCAACCATTGTAGGCTTTGGAAACTGTTTAACTTGAGTGCAGAAGGGGAGAGTGGAATTCCATGTGTAGCGGTGAAATGCGTAGATATATGGAGGAACACCGGTGGCGAAAGCGGCTCTCTGGTCTGTAACTGACGCTGAGGCTCGAAAGCGTGGGGAGC","Bacteria","Firmicutes","Bacilli","Lactobacillales","Streptococcaceae","Streptococcus",NA,"anginosus/constellatus/intermedius/milleri/mitis/sanguinis/suis",NA,"asv20","asv20 Streptococcus anginosus","  4018032",0.133729521405793
"GCAAGCGTTGTCCGGATTTATTGGGCGTAAAGCGAGTGCAGGCGGTTCAATAAGTCTGATGTGAAAGCCTTCGGCTCAACCGGAGAATTGCATCAGAAACTGTTGAACTTGAGTGCAGAAGAGGAGAGTGGAACTCCATGTGTAGCGGTGGAATGCGTAGATATATGGAAGAACACCAGTGGCGAAGGCGGCTCTCTGGTCTGCAACTGACGCTGAGGCTCGAAAGCATGGGTAG","Bacteria","Firmicutes","Bacilli","Lactobacillales","Lactobacillaceae","Lactobacillus",NA,"crispatus/gasseri/helveticus/hominis/iatae/johnsonii/kefiranofaciens/prophage/taiwanensis","gasseri/hominis/johnsonii/taiwanensis","asv3","asv3 Lactobacillus gasseri"," 51647164",0.153785656810748
"GCAAGCGTTGTCCGGATTTATTGGGCGTAAAGCGAGTGCAGGCGGCTCGATAAGTCTGATGTGAAAGCCTTCGGCTCAACCGGAGAATTGCATCAGAAACTGTCGAGCTTGAGTACAGAAGAGGAGAGTGGAACTCCATGTGTAGCGGTGAAATGCGTAGATATATGGAAGAACACCGGTGGCGAAGGCGGCTCTCTGGTCTGTTACTGACGCTGAGGCTCGAAAGCATGGGTAG","Bacteria","Firmicutes","Bacilli","Lactobacillales","Lactobacillaceae","Lactobacillus","iners","iners","iners","asv1","asv1 Lactobacillus iners","166064330",0.0902986054109013
"GCAAGCGTTATCCGGATTTACTGGGCGTAAAACGAGCGCAGGCGGGTTTGTAAGTTTGGTATTAAATCTAGATGCTTAACGTCTAGCTGTATCAAAAACTGTAAACCTAGAGTGTAGTAGGGAGTTGGGGAACTCCATGTGGAGCGGTAAAATGCGTAGATATATGGAAGAACACCGGTGGCGAAGGCGCCAACTTGGACTATCACTGACGCTTAGGCTCGAAAGTGTGGGGAGC","Bacteria","Tenericutes","Mollicutes","Mycoplasmatales","Mycoplasmataceae","Ureaplasma",NA,"parvum/urealyticum",NA,"asv11","asv11 Ureaplasma parvum/urealyticum ","  8459149",0.129612102315534
"GCAAGCGTTATCCGGAATTATTGGGCGTAAAGGGCTCGTAGGCGGTTCGTCGCGTCCGGTGTGAAAGTCCATCGCTTAACGGTGGATCCGCGCCGGGTACGGGCGGGCTTGAGTGCGGTAGGGGAGACTGGAATTCCCGGTGTAACGGTGGAATGTGTAGATATCGGGAAGAACACCAATGGCGAAGGCAGGTCTCTGGGCCGTTACTGACGCTGAGGAGCGAAAGCGTGGGGAG","Bacteria","Actinobacteria","Actinobacteria","Bifidobacteriales","Bifidobacteriaceae","Bifidobacterium",NA,"breve/kashiwanohense/longum/saguini",NA,"asv7","asv7 Bifidobacterium breve/longum"," 15116652",0.174464802808449
"GCAAGCGTTGTCCGGAATTATTGGGCGTAAAGAGCTCGTAGGCGGTTTGTCGCGTCTGGTGTGAAAGTCCATCGCTTAACGGTGGATTGGCGCTGGGTACGGGCAGGCTAGAGTGTAGTAGGGGAGACTGGAATTCTCGGTGTAACGGTGGAATGTGTAGATATCGGGAAGAACACCAATGGCGAAGGCAGGTCTCTGGGCTATTACTGACGCTGAGGAGCGAAAGCGTGGGGAG","Bacteria","Actinobacteria","Actinobacteria","Bifidobacteriales","Bifidobacteriaceae","Alloscardovia","omnicolens","omnicolens",NA,"asv24","asv24 Alloscardovia omnicolens","  3011496",0.152237500537812
"TCGGGCGTTATCCGGATTTATTGGGTTTAAAGGGAGCGTAGGCCGTTTGGTAAGCGTGTTGTGAAATGTAGTAGCTCAACTTCTAGATTGCAGCGCGAACTGTCAGACTTGAGTGCGCACAACGTAGGCGGAATTCATGGTGTAGCGGTGAAATGCTTAGATATCATGAAGAACTCCGATTGCGAAGGCAGCTTACGGGAGCGCAACTGACGCTGAAGCTCGAAGGTGCGGGTAT","Bacteria","Bacteroidetes","Bacteroidia","Bacteroidales","Prevotellaceae","Prevotella","bivia","bivia",NA,"asv22","asv22 Prevotella bivia","  3382063",0.119567861430518
"TCGGGCGTTATCCGGATTTATTGGGTTTAAAGGGAGCGTAGGCCGTTTGGTAAGCGTGTTGTGAAATGTAGGAGCTCAACTTCTAGATTGCAGCGCGAACTGTCAGACTTGAGTGCGCACAACGTAGGCGGAATTCATGGTGTAGCGGTGAAATGCTTAGATATCATGAAGAACTCCGATTGCGAAGGCAGCTTACGGGAGCGCAACTGACGCTGAAGCTCGAAGGTGCGGGTAT","Bacteria","Bacteroidetes","Bacteroidia","Bacteroidales","Prevotellaceae","Prevotella",NA,"bivia/denticola",NA,"asv17","asv17 Prevotella bivia","  4668083",0.1285340295898
"GCAAGCGTTGTCCGAATTTATTGGGCGTAAAGCGAGCGCAGGCGGAAGAATAAGTCTGATGTGAAAGCCCTCGGCTTAACCGAGGAACTGCATCGGAAACTGTTTTTCTTGAGTGCAGAAGAGGAGAGTGGAACTCCATGTGTAGCGGTGGAATGCGTAGATATATGGAAGAACACCAGTGGCGAAGGCGGCTCTCTGGTCTGCAACTGACGCTGAGGCTCGAAAGCATGGGTAG","Bacteria","Firmicutes","Bacilli","Lactobacillales","Lactobacillaceae","Lactobacillus","crispatus","crispatus","acidophilus/crispatus/gallinarum","asv16","asv16 Lactobacillus crispatus","  6317137",-0.391782523425115
"GCAAGCGTTGTCCGGATTTATTGGGCGTAAAGCGAGCGCAGGCGGAAGAATAAGTCTGATGTGAAAGCCCTCGGCTTAACCGAGGAACTGCATCGGAAACTGTTTTTCTTGAGTGCAGAAGAGGAGAGTGGAACTCCATGTGTAGCGGTGGAATGCGTAGATATATGGAAGAACACCAGTGGCGAAGGCGGCTCTCTGGTCTGCAACTGACGCTGAGGCTCGAAAGCATGGGTAG","Bacteria","Firmicutes","Bacilli","Lactobacillales","Lactobacillaceae","Lactobacillus",NA,"acidophilus/casei/crispatus/gallinarum/helveticus/kitasatonis","acidophilus/crispatus/gallinarum","asv2","asv2 Lactobacillus crispatus","144886893",-0.681975638450954
